Workbook

Sheet Final Sam's TC Refresh
A1: Name | B1: Last known IP address | C1: MAC address | D1: fullSiteNumber | E1: Last Contact | F1: Memory Size (MB) | G1: Device Serial Number | H1: Device Type | I1: Structure Tag | J1: Site Number | K1: Physical Address | L1: Physical City | M1: Physical State | N1: Physical Zip Code | O1: Primary Phone
A2: GENSUS2BE4E7 | B2: 7.52.172.154 | C2: 040E3C2BE4E7 | D2: S06332 | E2: 46152.622 | F2: 1547 | G2: 8CG0172KG0 | H2: HP_t430 | I2: S06332.US-2016 | J2: =RIGHT(D2,4) -> 6332 | K2: =IFERROR(VLOOKUP(VALUE(J2),'Site Info'!$A:$G,3,FALSE),"") -> 1000 FRANKLIN MILLS CIR | L2: =IFERROR(VLOOKUP(VALUE(J2),'Site Info'!$A:$G,4,FALSE),"") -> PHILADELPHIA | M2: =IFERROR(VLOOKUP(VALUE(J2),'Site Info'!$A:$G,5,FALSE),"") -> PA | N2: =IFERROR(VLOOKUP(VALUE(J2),'Site Info'!$A:$G,6,FALSE),"") -> 19154-3115 | O2: =IFERROR(VLOOKUP(VALUE(J2),'Site Info'!$A:$G,7,FALSE),"") -> 2156322299
A3: GENSUS32DA9E | B3: 7.52.172.110 | C3: C4651632DA9E | D3: S06332 | E3: 46152.63 | F3: 1547 | G3: 8CG9308K62 | H3: HP_t430 | I3: S06332.US-2016 | J3: =RIGHT(D3,4) -> 6332 | K3: =IFERROR(VLOOKUP(VALUE(J3),'Site Info'!$A:$G,3,FALSE),"") -> 1000 FRANKLIN MILLS CIR | L3: =IFERROR(VLOOKUP(VALUE(J3),'Site Info'!$A:$G,4,FALSE),"") -> PHILADELPHIA | M3: =IFERROR(VLOOKUP(VALUE(J3),'Site Info'!$A:$G,5,FALSE),"") -> PA | N3: =IFERROR(VLOOKUP(VALUE(J3),'Site Info'!$A:$G,6,FALSE),"") -> 19154-3115 | O3: =IFERROR(VLOOKUP(VALUE(J3),'Site Info'!$A:$G,7,FALSE),"") -> 2156322299
A4: GENSUS2B60E6 | B4: 7.52.172.115 | C4: 040E3C2B60E6 | D4: S06332 | E4: 46153.312 | F4: 1547 | G4: 8CG0172KD0 | H4: HP_t430 | I4: S06332.US-2016 | J4: =RIGHT(D4,4) -> 6332 | K4: =IFERROR(VLOOKUP(VALUE(J4),'Site Info'!$A:$G,3,FALSE),"") -> 1000 FRANKLIN MILLS CIR | L4: =IFERROR(VLOOKUP(VALUE(J4),'Site Info'!$A:$G,4,FALSE),"") -> PHILADELPHIA | M4: =IFERROR(VLOOKUP(VALUE(J4),'Site Info'!$A:$G,5,FALSE),"") -> PA | N4: =IFERROR(VLOOKUP(VALUE(J4),'Site Info'!$A:$G,6,FALSE),"") -> 19154-3115 | O4: =IFERROR(VLOOKUP(VALUE(J4),'Site Info'!$A:$G,7,FALSE),"") -> 2156322299
A5: GENSUS2BE4BF | B5: 7.52.172.159 | C5: 040E3C2BE4BF | D5: S06332 | E5: 46153.353 | F5: 1547 | G5: 8CG0172KHF | H5: HP_t430 | I5: S06332.US-2016 | J5: =RIGHT(D5,4) -> 6332 | K5: =IFERROR(VLOOKUP(VALUE(J5),'Site Info'!$A:$G,3,FALSE),"") -> 1000 FRANKLIN MILLS CIR | L5: =IFERROR(VLOOKUP(VALUE(J5),'Site Info'!$A:$G,4,FALSE),"") -> PHILADELPHIA | M5: =IFERROR(VLOOKUP(VALUE(J5),'Site Info'!$A:$G,5,FALSE),"") -> PA | N5: =IFERROR(VLOOKUP(VALUE(J5),'Site Info'!$A:$G,6,FALSE),"") -> 19154-3115 | O5: =IFERROR(VLOOKUP(VALUE(J5),'Site Info'!$A:$G,7,FALSE),"") -> 2156322299
A6: GENSUS32DA84 | B6: 7.52.172.65 | C6: C4651632DA84 | D6: S06332 | E6: 46153.372 | F6: 1547 | G6: 8CG9308K6S | H6: HP_t430 | I6: S06332.US-2016 | J6: =RIGHT(D6,4) -> 6332 | K6: =IFERROR(VLOOKUP(VALUE(J6),'Site Info'!$A:$G,3,FALSE),"") -> 1000 FRANKLIN MILLS CIR | L6: =IFERROR(VLOOKUP(VALUE(J6),'Site Info'!$A:$G,4,FALSE),"") -> PHILADELPHIA | M6: =IFERROR(VLOOKUP(VALUE(J6),'Site Info'!$A:$G,5,FALSE),"") -> PA | N6: =IFERROR(VLOOKUP(VALUE(J6),'Site Info'!$A:$G,6,FALSE),"") -> 19154-3115 | O6: =IFERROR(VLOOKUP(VALUE(J6),'Site Info'!$A:$G,7,FALSE),"") -> 2156322299
A7: GENSUS081182 | B7: 7.52.172.64 | C7: 842AFD081182 | D7: S06332 | E7: 46153.128 | F7: 1481 | G7: 8CG107B4XT | H7: HP_t430 | I7: S06332.US-2016 | J7: =RIGHT(D7,4) -> 6332 | K7: =IFERROR(VLOOKUP(VALUE(J7),'Site Info'!$A:$G,3,FALSE),"") -> 1000 FRANKLIN MILLS CIR | L7: =IFERROR(VLOOKUP(VALUE(J7),'Site Info'!$A:$G,4,FALSE),"") -> PHILADELPHIA | M7: =IFERROR(VLOOKUP(VALUE(J7),'Site Info'!$A:$G,5,FALSE),"") -> PA | N7: =IFERROR(VLOOKUP(VALUE(J7),'Site Info'!$A:$G,6,FALSE),"") -> 19154-3115 | O7: =IFERROR(VLOOKUP(VALUE(J7),'Site Info'!$A:$G,7,FALSE),"") -> 2156322299
A8: ITCC4651632D9BE | B8: 7.52.172.112 | C8: C4651632D9BE | D8: S06332 | E8: 46152.609 | F8: 1547 | G8: 8CG9308HB4 | H8: HP_t430 | I8: S06332.US-2016 | J8: =RIGHT(D8,4) -> 6332 | K8: =IFERROR(VLOOKUP(VALUE(J8),'Site Info'!$A:$G,3,FALSE),"") -> 1000 FRANKLIN MILLS CIR | L8: =IFERROR(VLOOKUP(VALUE(J8),'Site Info'!$A:$G,4,FALSE),"") -> PHILADELPHIA | M8: =IFERROR(VLOOKUP(VALUE(J8),'Site Info'!$A:$G,5,FALSE),"") -> PA | N8: =IFERROR(VLOOKUP(VALUE(J8),'Site Info'!$A:$G,6,FALSE),"") -> 19154-3115 | O8: =IFERROR(VLOOKUP(VALUE(J8),'Site Info'!$A:$G,7,FALSE),"") -> 2156322299
A9: ITC40B034367C2C | B9: 7.84.180.20 | C9: 40B034367C2C | D9: S06410 | E9: 46151.767 | F9: 1628 | G9: 9CG71929J6 | H9: HP_t420 | I9: S06410.US-2016 | J9: =RIGHT(D9,4) -> 6410 | K9: =IFERROR(VLOOKUP(VALUE(J9),'Site Info'!$A:$G,3,FALSE),"") -> 1000 KAMEHAMEHA HWY STE 100 | L9: =IFERROR(VLOOKUP(VALUE(J9),'Site Info'!$A:$G,4,FALSE),"") -> PEARL CITY | M9: =IFERROR(VLOOKUP(VALUE(J9),'Site Info'!$A:$G,5,FALSE),"") -> HI | N9: =IFERROR(VLOOKUP(VALUE(J9),'Site Info'!$A:$G,6,FALSE),"") -> 96782-2596 | O9: =IFERROR(VLOOKUP(VALUE(J9),'Site Info'!$A:$G,7,FALSE),"") -> 8084567788
A10: GENSUS310486 | B10: 7.84.180.101 | C10: C46516310486 | D10: S06410 | E10: 46151.154 | F10: 1547 | G10: 8CG92960FF | H10: HP_t430 | I10: S06410.US-2016 | J10: =RIGHT(D10,4) -> 6410 | K10: =IFERROR(VLOOKUP(VALUE(J10),'Site Info'!$A:$G,3,FALSE),"") -> 1000 KAMEHAMEHA HWY STE 100 | L10: =IFERROR(VLOOKUP(VALUE(J10),'Site Info'!$A:$G,4,FALSE),"") -> PEARL CITY | M10: =IFERROR(VLOOKUP(VALUE(J10),'Site Info'!$A:$G,5,FALSE),"") -> HI | N10: =IFERROR(VLOOKUP(VALUE(J10),'Site Info'!$A:$G,6,FALSE),"") -> 96782-2596 | O10: =IFERROR(VLOOKUP(VALUE(J10),'Site Info'!$A:$G,7,FALSE),"") -> 8084567788
A11: GENSUS3107BC | B11: 7.84.180.172 | C11: C465163107BC | D11: S06410 | E11: 46151.702 | F11: 1547 | G11: 8CG9294ZV3 | H11: HP_t430 | I11: S06410.US-2016 | J11: =RIGHT(D11,4) -> 6410 | K11: =IFERROR(VLOOKUP(VALUE(J11),'Site Info'!$A:$G,3,FALSE),"") -> 1000 KAMEHAMEHA HWY STE 100 | L11: =IFERROR(VLOOKUP(VALUE(J11),'Site Info'!$A:$G,4,FALSE),"") -> PEARL CITY | M11: =IFERROR(VLOOKUP(VALUE(J11),'Site Info'!$A:$G,5,FALSE),"") -> HI | N11: =IFERROR(VLOOKUP(VALUE(J11),'Site Info'!$A:$G,6,FALSE),"") -> 96782-2596 | O11: =IFERROR(VLOOKUP(VALUE(J11),'Site Info'!$A:$G,7,FALSE),"") -> 8084567788
A12: GENSUS32D304 | B12: 7.84.180.23 | C12: C4651632D304 | D12: S06410 | E12: 46152.67 | F12: 1547 | G12: 8CG9308HGV | H12: HP_t430 | I12: S06410.US-2016 | J12: =RIGHT(D12,4) -> 6410 | K12: =IFERROR(VLOOKUP(VALUE(J12),'Site Info'!$A:$G,3,FALSE),"") -> 1000 KAMEHAMEHA HWY STE 100 | L12: =IFERROR(VLOOKUP(VALUE(J12),'Site Info'!$A:$G,4,FALSE),"") -> PEARL CITY | M12: =IFERROR(VLOOKUP(VALUE(J12),'Site Info'!$A:$G,5,FALSE),"") -> HI | N12: =IFERROR(VLOOKUP(VALUE(J12),'Site Info'!$A:$G,6,FALSE),"") -> 96782-2596 | O12: =IFERROR(VLOOKUP(VALUE(J12),'Site Info'!$A:$G,7,FALSE),"") -> 8084567788
A13: GENSUS310000 | B13: 7.84.180.171 | C13: C46516310000 | D13: S06410 | E13: 46152.872 | F13: 1547 | G13: 8CG9295ZP2 | H13: HP_t430 | I13: S06410.US-2016 | J13: =RIGHT(D13,4) -> 6410 | K13: =IFERROR(VLOOKUP(VALUE(J13),'Site Info'!$A:$G,3,FALSE),"") -> 1000 KAMEHAMEHA HWY STE 100 | L13: =IFERROR(VLOOKUP(VALUE(J13),'Site Info'!$A:$G,4,FALSE),"") -> PEARL CITY | M13: =IFERROR(VLOOKUP(VALUE(J13),'Site Info'!$A:$G,5,FALSE),"") -> HI | N13: =IFERROR(VLOOKUP(VALUE(J13),'Site Info'!$A:$G,6,FALSE),"") -> 96782-2596 | O13: =IFERROR(VLOOKUP(VALUE(J13),'Site Info'!$A:$G,7,FALSE),"") -> 8084567788
... A476: GENSUS168635 | B476: 7.135.132.82 | C476: 040E3C168635 | D476: S04851 | E476: 46150.625 | F476: 1547 | G476: 8CG942F40Q | H476: HP_t430 | I476: S04851.US-2016 | J476: =RIGHT(D476,4) -> 4851 | K476: =IFERROR(VLOOKUP(VALUE(J476),'Site Info'!$A:$G,3,FALSE),"") -> 1301 VETERANS PKWY | L476: =IFERROR(VLOOKUP(VALUE(J476),'Site Info'!$A:$G,4,FALSE),"") -> CLARKSVILLE | M476: =IFERROR(VLOOKUP(VALUE(J476),'Site Info'!$A:$G,5,FALSE),"") -> IN | N476: =IFERROR(VLOOKUP(VALUE(J476),'Site Info'!$A:$G,6,FALSE),"") -> 47129-7747 | O476: =IFERROR(VLOOKUP(VALUE(J476),'Site Info'!$A:$G,7,FALSE),"") -> 8122180310
A477: GENSUS1685B7 | B477: 7.135.132.17 | C477: 040E3C1685B7 | D477: S04851 | E477: 46151.044 | F477: 1547 | G477: 8CG942F3XZ | H477: HP_t430 | J477: =RIGHT(D477,4) -> 4851 | K477: =IFERROR(VLOOKUP(VALUE(J477),'Site Info'!$A:$G,3,FALSE),"") -> 1301 VETERANS PKWY | L477: =IFERROR(VLOOKUP(VALUE(J477),'Site Info'!$A:$G,4,FALSE),"") -> CLARKSVILLE | M477: =IFERROR(VLOOKUP(VALUE(J477),'Site Info'!$A:$G,5,FALSE),"") -> IN | N477: =IFERROR(VLOOKUP(VALUE(J477),'Site Info'!$A:$G,6,FALSE),"") -> 47129-7747 | O477: =IFERROR(VLOOKUP(VALUE(J477),'Site Info'!$A:$G,7,FALSE),"") -> 8122180310
A478: GENSUS168782 | B478: 7.135.132.110 | C478: 040E3C168782 | D478: S04851 | E478: 46152.63 | F478: 1547 | G478: 8CG942F3ZW | H478: HP_t430 | I478: S04851.US-2016 | J478: =RIGHT(D478,4) -> 4851 | K478: =IFERROR(VLOOKUP(VALUE(J478),'Site Info'!$A:$G,3,FALSE),"") -> 1301 VETERANS PKWY | L478: =IFERROR(VLOOKUP(VALUE(J478),'Site Info'!$A:$G,4,FALSE),"") -> CLARKSVILLE | M478: =IFERROR(VLOOKUP(VALUE(J478),'Site Info'!$A:$G,5,FALSE),"") -> IN | N478: =IFERROR(VLOOKUP(VALUE(J478),'Site Info'!$A:$G,6,FALSE),"") -> 47129-7747 | O478: =IFERROR(VLOOKUP(VALUE(J478),'Site Info'!$A:$G,7,FALSE),"") -> 8122180310
A479: GENSUS16863C | B479: 7.135.132.121 | C479: 040E3C16863C | D479: S04851 | E479: 46153.277 | F479: 1547 | G479: 8CG942F40J | H479: HP_t430 | I479: S04851.US-2016 | J479: =RIGHT(D479,4) -> 4851 | K479: =IFERROR(VLOOKUP(VALUE(J479),'Site Info'!$A:$G,3,FALSE),"") -> 1301 VETERANS PKWY | L479: =IFERROR(VLOOKUP(VALUE(J479),'Site Info'!$A:$G,4,FALSE),"") -> CLARKSVILLE | M479: =IFERROR(VLOOKUP(VALUE(J479),'Site Info'!$A:$G,5,FALSE),"") -> IN | N479: =IFERROR(VLOOKUP(VALUE(J479),'Site Info'!$A:$G,6,FALSE),"") -> 47129-7747 | O479: =IFERROR(VLOOKUP(VALUE(J479),'Site Info'!$A:$G,7,FALSE),"") -> 8122180310
A480: GENSUS167B5B | B480: 7.135.132.59 | C480: 040E3C167B5B | D480: S04851 | E480: 46153.28 | F480: 1547 | G480: 8CG942F43Q | H480: HP_t430 | I480: S04851.US-2016 | J480: =RIGHT(D480,4) -> 4851 | K480: =IFERROR(VLOOKUP(VALUE(J480),'Site Info'!$A:$G,3,FALSE),"") -> 1301 VETERANS PKWY | L480: =IFERROR(VLOOKUP(VALUE(J480),'Site Info'!$A:$G,4,FALSE),"") -> CLARKSVILLE | M480: =IFERROR(VLOOKUP(VALUE(J480),'Site Info'!$A:$G,5,FALSE),"") -> IN | N480: =IFERROR(VLOOKUP(VALUE(J480),'Site Info'!$A:$G,6,FALSE),"") -> 47129-7747 | O480: =IFERROR(VLOOKUP(VALUE(J480),'Site Info'!$A:$G,7,FALSE),"") -> 8122180310
A481: GENSUS167B89 | B481: 7.135.132.119 | C481: 040E3C167B89 | D481: S04851 | E481: 46153.348 | F481: 1547 | G481: 8CG942F436 | H481: HP_t430 | I481: S04851.US-2016 | J481: =RIGHT(D481,4) -> 4851 | K481: =IFERROR(VLOOKUP(VALUE(J481),'Site Info'!$A:$G,3,FALSE),"") -> 1301 VETERANS PKWY | L481: =IFERROR(VLOOKUP(VALUE(J481),'Site Info'!$A:$G,4,FALSE),"") -> CLARKSVILLE | M481: =IFERROR(VLOOKUP(VALUE(J481),'Site Info'!$A:$G,5,FALSE),"") -> IN | N481: =IFERROR(VLOOKUP(VALUE(J481),'Site Info'!$A:$G,6,FALSE),"") -> 47129-7747 | O481: =IFERROR(VLOOKUP(VALUE(J481),'Site Info'!$A:$G,7,FALSE),"") -> 8122180310
A482: GENSUS0839B9 | B482: 7.135.132.208 | C482: 842AFD0839B9 | D482: S04851 | E482: 46151.694 | F482: 1481 | G482: 8CG12272YD | H482: HP_t430 | I482: S04851.US-2016 | J482: =RIGHT(D482,4) -> 4851 | K482: =IFERROR(VLOOKUP(VALUE(J482),'Site Info'!$A:$G,3,FALSE),"") -> 1301 VETERANS PKWY | L482: =IFERROR(VLOOKUP(VALUE(J482),'Site Info'!$A:$G,4,FALSE),"") -> CLARKSVILLE | M482: =IFERROR(VLOOKUP(VALUE(J482),'Site Info'!$A:$G,5,FALSE),"") -> IN | N482: =IFERROR(VLOOKUP(VALUE(J482),'Site Info'!$A:$G,6,FALSE),"") -> 47129-7747 | O482: =IFERROR(VLOOKUP(VALUE(J482),'Site Info'!$A:$G,7,FALSE),"") -> 8122180310
A483: GENSUS081082 | B483: 7.135.132.77 | C483: 842AFD081082 | D483: S04851 | E483: 46153.374 | F483: 1481 | G483: 8CG107B4W6 | H483: HP_t430 | I483: S04851.US-2016 | J483: =RIGHT(D483,4) -> 4851 | K483: =IFERROR(VLOOKUP(VALUE(J483),'Site Info'!$A:$G,3,FALSE),"") -> 1301 VETERANS PKWY | L483: =IFERROR(VLOOKUP(VALUE(J483),'Site Info'!$A:$G,4,FALSE),"") -> CLARKSVILLE | M483: =IFERROR(VLOOKUP(VALUE(J483),'Site Info'!$A:$G,5,FALSE),"") -> IN | N483: =IFERROR(VLOOKUP(VALUE(J483),'Site Info'!$A:$G,6,FALSE),"") -> 47129-7747 | O483: =IFERROR(VLOOKUP(VALUE(J483),'Site Info'!$A:$G,7,FALSE),"") -> 8122180310
A484: TCTLE01 | B484: 55.135.128.31 | C484: 40B03434A762 | D484: S04851 | E484: 46153.367 | F484: 1628 | G484: 9CG7381BQK | H484: HP_t420 | I484: S04851.US-2016 | J484: =RIGHT(D484,4) -> 4851 | K484: =IFERROR(VLOOKUP(VALUE(J484),'Site Info'!$A:$G,3,FALSE),"") -> 1301 VETERANS PKWY | L484: =IFERROR(VLOOKUP(VALUE(J484),'Site Info'!$A:$G,4,FALSE),"") -> CLARKSVILLE | M484: =IFERROR(VLOOKUP(VALUE(J484),'Site Info'!$A:$G,5,FALSE),"") -> IN | N484: =IFERROR(VLOOKUP(VALUE(J484),'Site Info'!$A:$G,6,FALSE),"") -> 47129-7747 | O484: =IFERROR(VLOOKUP(VALUE(J484),'Site Info'!$A:$G,7,FALSE),"") -> 8122180310
A485: GENSUS67BEE7 | B485: 7.74.124.189 | C485: B07B2567BEE7 | D485: S06685 | E485: 46153.316 | F485: 1863 | G485: 31V4K93 | H485: DELL_WYSE_3040_THIN_CLIENT | I485: S06685.US-2016 | J485: =RIGHT(D485,4) -> 6685 | K485: =IFERROR(VLOOKUP(VALUE(J485),'Site Info'!$A:$G,3,FALSE),"") -> 1313 S UNIVERSITY AVE | L485: =IFERROR(VLOOKUP(VALUE(J485),'Site Info'!$A:$G,4,FALSE),"") -> PROVO | M485: =IFERROR(VLOOKUP(VALUE(J485),'Site Info'!$A:$G,5,FALSE),"") -> UT | N485: =IFERROR(VLOOKUP(VALUE(J485),'Site Info'!$A:$G,6,FALSE),"") -> 84601-5943 | O485: =IFERROR(VLOOKUP(VALUE(J485),'Site Info'!$A:$G,7,FALSE),"") -> 8013749700
A486: GENSUS1686D1 | B486: 7.74.124.13 | C486: 040E3C1686D1 | D486: S06685 | E486: 46151.508 | F486: 1548 | G486: 8CG942F86R | H486: HP_t430 | I486: S06685.US-2016 | J486: =RIGHT(D486,4) -> 6685 | K486: =IFERROR(VLOOKUP(VALUE(J486),'Site Info'!$A:$G,3,FALSE),"") -> 1313 S UNIVERSITY AVE | L486: =IFERROR(VLOOKUP(VALUE(J486),'Site Info'!$A:$G,4,FALSE),"") -> PROVO | M486: =IFERROR(VLOOKUP(VALUE(J486),'Site Info'!$A:$G,5,FALSE),"") -> UT | N486: =IFERROR(VLOOKUP(VALUE(J486),'Site Info'!$A:$G,6,FALSE),"") -> 84601-5943 | O486: =IFERROR(VLOOKUP(VALUE(J486),'Site Info'!$A:$G,7,FALSE),"") -> 8013749700
A487: GENSUS168670 | B487: 7.74.124.138 | C487: 040E3C168670 | D487: S06685 | E487: 46151.374 | F487: 1547 | G487: 8CG942F866 | H487: HP_t430 | I487: S06685.US-2016 | J487: =RIGHT(D487,4) -> 6685 | K487: =IFERROR(VLOOKUP(VALUE(J487),'Site Info'!$A:$G,3,FALSE),"") -> 1313 S UNIVERSITY AVE | L487: =IFERROR(VLOOKUP(VALUE(J487),'Site Info'!$A:$G,4,FALSE),"") -> PROVO | M487: =IFERROR(VLOOKUP(VALUE(J487),'Site Info'!$A:$G,5,FALSE),"") -> UT | N487: =IFERROR(VLOOKUP(VALUE(J487),'Site Info'!$A:$G,6,FALSE),"") -> 84601-5943 | O487: =IFERROR(VLOOKUP(VALUE(J487),'Site Info'!$A:$G,7,FALSE),"") -> 8013749700
A488: GENSUS1687C4 | B488: 7.74.124.17 | C488: 040E3C1687C4 | D488: S06685 | E488: 46151.396 | F488: 1547 | G488: 8CG942F882 | H488: HP_t430 | I488: S06685.US-2016 | J488: =RIGHT(D488,4) -> 6685 | K488: =IFERROR(VLOOKUP(VALUE(J488),'Site Info'!$A:$G,3,FALSE),"") -> 1313 S UNIVERSITY AVE | L488: =IFERROR(VLOOKUP(VALUE(J488),'Site Info'!$A:$G,4,FALSE),"") -> PROVO | M488: =IFERROR(VLOOKUP(VALUE(J488),'Site Info'!$A:$G,5,FALSE),"") -> UT | N488: =IFERROR(VLOOKUP(VALUE(J488),'Site Info'!$A:$G,6,FALSE),"") -> 84601-5943 | O488: =IFERROR(VLOOKUP(VALUE(J488),'Site Info'!$A:$G,7,FALSE),"") -> 8013749700
A489: GENSUS3107F4 | B489: 7.74.124.174 | C489: C465163107F4 | D489: S06685 | E489: 46152.054 | F489: 1547 | G489: 8CG929541V | H489: HP_t430 | I489: S06685.US-2016 | J489: =RIGHT(D489,4) -> 6685 | K489: =IFERROR(VLOOKUP(VALUE(J489),'Site Info'!$A:$G,3,FALSE),"") -> 1313 S UNIVERSITY AVE | L489: =IFERROR(VLOOKUP(VALUE(J489),'Site Info'!$A:$G,4,FALSE),"") -> PROVO | M489: =IFERROR(VLOOKUP(VALUE(J489),'Site Info'!$A:$G,5,FALSE),"") -> UT | N489: =IFERROR(VLOOKUP(VALUE(J489),'Site Info'!$A:$G,6,FALSE),"") -> 84601-5943 | O489: =IFERROR(VLOOKUP(VALUE(J489),'Site Info'!$A:$G,7,FALSE),"") -> 8013749700
... A802: GENSUS080E61 | B802: 7.189.252.176 | C802: 842AFD080E61 | D802: S08275 | E802: 46153.082 | F802: 1481 | G802: 8CG107B4ZT | H802: HP_t430 | I802: S08275.US-2016 | J802: =RIGHT(D802,4) -> 8275 | K802: =IFERROR(VLOOKUP(VALUE(J802),'Site Info'!$A:$G,3,FALSE),"") -> 1615 INTERSTATE 10 S | L802: =IFERROR(VLOOKUP(VALUE(J802),'Site Info'!$A:$G,4,FALSE),"") -> BEAUMONT | M802: =IFERROR(VLOOKUP(VALUE(J802),'Site Info'!$A:$G,5,FALSE),"") -> TX | N802: =IFERROR(VLOOKUP(VALUE(J802),'Site Info'!$A:$G,6,FALSE),"") -> 77701-4759 | O802: =IFERROR(VLOOKUP(VALUE(J802),'Site Info'!$A:$G,7,FALSE),"") -> 4098425071
A803: ITC842AFD083B0A | B803: 7.44.212.10 | C803: 842AFD083B0A | D803: S07684 | E803: 46150.799 | F803: 1481 | G803: 8CG12909F5 | H803: HP_t430 | J803: =RIGHT(D803,4) -> 7684 | K803: =IFERROR(VLOOKUP(VALUE(J803),'Site Info'!$A:$G,3,FALSE),"") -> 16150 GOLDEN VLY PKWY | L803: =IFERROR(VLOOKUP(VALUE(J803),'Site Info'!$A:$G,4,FALSE),"") -> LATHROP | M803: =IFERROR(VLOOKUP(VALUE(J803),'Site Info'!$A:$G,5,FALSE),"") -> CA | N803: =IFERROR(VLOOKUP(VALUE(J803),'Site Info'!$A:$G,6,FALSE),"") -> 95330-0000 | O803: =IFERROR(VLOOKUP(VALUE(J803),'Site Info'!$A:$G,7,FALSE),"") -> 2093900324
A804: ITC842AFD08483D | B804: 7.44.212.125 | C804: 842AFD08483D | D804: S07684 | E804: 46152.225 | F804: 1481 | G804: 8CG12909GR | H804: HP_t430 | J804: =RIGHT(D804,4) -> 7684 | K804: =IFERROR(VLOOKUP(VALUE(J804),'Site Info'!$A:$G,3,FALSE),"") -> 16150 GOLDEN VLY PKWY | L804: =IFERROR(VLOOKUP(VALUE(J804),'Site Info'!$A:$G,4,FALSE),"") -> LATHROP | M804: =IFERROR(VLOOKUP(VALUE(J804),'Site Info'!$A:$G,5,FALSE),"") -> CA | N804: =IFERROR(VLOOKUP(VALUE(J804),'Site Info'!$A:$G,6,FALSE),"") -> 95330-0000 | O804: =IFERROR(VLOOKUP(VALUE(J804),'Site Info'!$A:$G,7,FALSE),"") -> 2093900324
A805: GENSUS30FC1F | B805: 7.188.140.212 | C805: C4651630FC1F | D805: S04955 | E805: 46151.876 | F805: 1547 | G805: 8CG9296GZQ | H805: HP_t430 | I805: S04955.US-2016 | J805: =RIGHT(D805,4) -> 4955 | K805: =IFERROR(VLOOKUP(VALUE(J805),'Site Info'!$A:$G,3,FALSE),"") -> 16573 W BELL RD | L805: =IFERROR(VLOOKUP(VALUE(J805),'Site Info'!$A:$G,4,FALSE),"") -> SURPRISE | M805: =IFERROR(VLOOKUP(VALUE(J805),'Site Info'!$A:$G,5,FALSE),"") -> AZ | N805: =IFERROR(VLOOKUP(VALUE(J805),'Site Info'!$A:$G,6,FALSE),"") -> 85374-9892 | O805: =IFERROR(VLOOKUP(VALUE(J805),'Site Info'!$A:$G,7,FALSE),"") -> 6235840054
A806: GENSUS30F66C | B806: 7.188.140.201 | C806: C4651630F66C | D806: S04955 | E806: 46152.529 | F806: 1547 | G806: 8CG9294YZ1 | H806: HP_t430 | I806: S04955.US-2016 | J806: =RIGHT(D806,4) -> 4955 | K806: =IFERROR(VLOOKUP(VALUE(J806),'Site Info'!$A:$G,3,FALSE),"") -> 16573 W BELL RD | L806: =IFERROR(VLOOKUP(VALUE(J806),'Site Info'!$A:$G,4,FALSE),"") -> SURPRISE | M806: =IFERROR(VLOOKUP(VALUE(J806),'Site Info'!$A:$G,5,FALSE),"") -> AZ | N806: =IFERROR(VLOOKUP(VALUE(J806),'Site Info'!$A:$G,6,FALSE),"") -> 85374-9892 | O806: =IFERROR(VLOOKUP(VALUE(J806),'Site Info'!$A:$G,7,FALSE),"") -> 6235840054
A807: GENSUS30FF55 | B807: 7.188.140.124 | C807: C4651630FF55 | D807: S04955 | E807: 46152.759 | F807: 1547 | G807: 8CG9295ZLN | H807: HP_t430 | I807: S04955.US-2016 | J807: =RIGHT(D807,4) -> 4955 | K807: =IFERROR(VLOOKUP(VALUE(J807),'Site Info'!$A:$G,3,FALSE),"") -> 16573 W BELL RD | L807: =IFERROR(VLOOKUP(VALUE(J807),'Site Info'!$A:$G,4,FALSE),"") -> SURPRISE | M807: =IFERROR(VLOOKUP(VALUE(J807),'Site Info'!$A:$G,5,FALSE),"") -> AZ | N807: =IFERROR(VLOOKUP(VALUE(J807),'Site Info'!$A:$G,6,FALSE),"") -> 85374-9892 | O807: =IFERROR(VLOOKUP(VALUE(J807),'Site Info'!$A:$G,7,FALSE),"") -> 6235840054
A808: GENSUS30FC8D | B808: 7.188.140.218 | C808: C4651630FC8D | D808: S04955 | E808: 46152.765 | F808: 1547 | G808: 8CG9296H3H | H808: HP_t430 | I808: S04955.US-2016 | J808: =RIGHT(D808,4) -> 4955 | K808: =IFERROR(VLOOKUP(VALUE(J808),'Site Info'!$A:$G,3,FALSE),"") -> 16573 W BELL RD | L808: =IFERROR(VLOOKUP(VALUE(J808),'Site Info'!$A:$G,4,FALSE),"") -> SURPRISE | M808: =IFERROR(VLOOKUP(VALUE(J808),'Site Info'!$A:$G,5,FALSE),"") -> AZ | N808: =IFERROR(VLOOKUP(VALUE(J808),'Site Info'!$A:$G,6,FALSE),"") -> 85374-9892 | O808: =IFERROR(VLOOKUP(VALUE(J808),'Site Info'!$A:$G,7,FALSE),"") -> 6235840054
A809: GENSUS30FC6A | B809: 7.188.140.220 | C809: C4651630FC6A | D809: S04955 | E809: 46152.888 | F809: 1547 | G809: 8CG9296GZP | H809: HP_t430 | I809: S04955.US-2016 | J809: =RIGHT(D809,4) -> 4955 | K809: =IFERROR(VLOOKUP(VALUE(J809),'Site Info'!$A:$G,3,FALSE),"") -> 16573 W BELL RD | L809: =IFERROR(VLOOKUP(VALUE(J809),'Site Info'!$A:$G,4,FALSE),"") -> SURPRISE | M809: =IFERROR(VLOOKUP(VALUE(J809),'Site Info'!$A:$G,5,FALSE),"") -> AZ | N809: =IFERROR(VLOOKUP(VALUE(J809),'Site Info'!$A:$G,6,FALSE),"") -> 85374-9892 | O809: =IFERROR(VLOOKUP(VALUE(J809),'Site Info'!$A:$G,7,FALSE),"") -> 6235840054
A810: GENSUS1682A4 | B810: 7.188.140.203 | C810: 040E3C1682A4 | D810: S04955 | E810: 46153.282 | F810: 1547 | G810: 8CG942F34D | H810: HP_t430 | I810: S04955.US-2016 | J810: =RIGHT(D810,4) -> 4955 | K810: =IFERROR(VLOOKUP(VALUE(J810),'Site Info'!$A:$G,3,FALSE),"") -> 16573 W BELL RD | L810: =IFERROR(VLOOKUP(VALUE(J810),'Site Info'!$A:$G,4,FALSE),"") -> SURPRISE | M810: =IFERROR(VLOOKUP(VALUE(J810),'Site Info'!$A:$G,5,FALSE),"") -> AZ | N810: =IFERROR(VLOOKUP(VALUE(J810),'Site Info'!$A:$G,6,FALSE),"") -> 85374-9892 | O810: =IFERROR(VLOOKUP(VALUE(J810),'Site Info'!$A:$G,7,FALSE),"") -> 6235840054
A811: GENSUS081F87 | B811: 7.188.140.81 | C811: 842AFD081F87 | D811: S04955 | E811: 46152.664 | F811: 1481 | G811: 8CG1132D6P | H811: HP_t430 | I811: S04955.US-2016 | J811: =RIGHT(D811,4) -> 4955 | K811: =IFERROR(VLOOKUP(VALUE(J811),'Site Info'!$A:$G,3,FALSE),"") -> 16573 W BELL RD | L811: =IFERROR(VLOOKUP(VALUE(J811),'Site Info'!$A:$G,4,FALSE),"") -> SURPRISE | M811: =IFERROR(VLOOKUP(VALUE(J811),'Site Info'!$A:$G,5,FALSE),"") -> AZ | N811: =IFERROR(VLOOKUP(VALUE(J811),'Site Info'!$A:$G,6,FALSE),"") -> 85374-9892 | O811: =IFERROR(VLOOKUP(VALUE(J811),'Site Info'!$A:$G,7,FALSE),"") -> 6235840054
A812: GENSUS081197 | B812: 7.188.140.155 | C812: 842AFD081197 | D812: S04955 | E812: 46153.273 | F812: 1481 | G812: 8CG1079XP3 | H812: HP_t430 | I812: S04955.US-2016 | J812: =RIGHT(D812,4) -> 4955 | K812: =IFERROR(VLOOKUP(VALUE(J812),'Site Info'!$A:$G,3,FALSE),"") -> 16573 W BELL RD | L812: =IFERROR(VLOOKUP(VALUE(J812),'Site Info'!$A:$G,4,FALSE),"") -> SURPRISE | M812: =IFERROR(VLOOKUP(VALUE(J812),'Site Info'!$A:$G,5,FALSE),"") -> AZ | N812: =IFERROR(VLOOKUP(VALUE(J812),'Site Info'!$A:$G,6,FALSE),"") -> 85374-9892 | O812: =IFERROR(VLOOKUP(VALUE(J812),'Site Info'!$A:$G,7,FALSE),"") -> 6235840054
A813: GENSUS0810EE | B813: 7.188.140.227 | C813: 842AFD0810EE | D813: S04955 | E813: 46153.281 | F813: 1481 | G813: 8CG1079XP5 | H813: HP_t430 | I813: S04955.US-2016 | J813: =RIGHT(D813,4) -> 4955 | K813: =IFERROR(VLOOKUP(VALUE(J813),'Site Info'!$A:$G,3,FALSE),"") -> 16573 W BELL RD | L813: =IFERROR(VLOOKUP(VALUE(J813),'Site Info'!$A:$G,4,FALSE),"") -> SURPRISE | M813: =IFERROR(VLOOKUP(VALUE(J813),'Site Info'!$A:$G,5,FALSE),"") -> AZ | N813: =IFERROR(VLOOKUP(VALUE(J813),'Site Info'!$A:$G,6,FALSE),"") -> 85374-9892 | O813: =IFERROR(VLOOKUP(VALUE(J813),'Site Info'!$A:$G,7,FALSE),"") -> 6235840054
A814: GENSUS30C097 | B814: 7.151.108.24 | C814: C4651630C097 | D814: S04906 | E814: 46152.508 | F814: 1547 | G814: 8CG9294NT5 | H814: HP_t430 | I814: S04906.US-2016 | J814: =RIGHT(D814,4) -> 4906 | K814: =IFERROR(VLOOKUP(VALUE(J814),'Site Info'!$A:$G,3,FALSE),"") -> 1670 W UNIVERSITY DR | L814: =IFERROR(VLOOKUP(VALUE(J814),'Site Info'!$A:$G,4,FALSE),"") -> MCKINNEY | M814: =IFERROR(VLOOKUP(VALUE(J814),'Site Info'!$A:$G,5,FALSE),"") -> TX | N814: =IFERROR(VLOOKUP(VALUE(J814),'Site Info'!$A:$G,6,FALSE),"") -> 75069-3444 | O814: =IFERROR(VLOOKUP(VALUE(J814),'Site Info'!$A:$G,7,FALSE),"") -> 4699522417
A815: GENSUS348B00 | B815: 7.151.108.234 | C815: C46516348B00 | D815: S04906 | E815: 46152.513 | F815: 1547 | G815: 8CG9322WCT | H815: HP_t430 | I815: S04906.US-2016 | J815: =RIGHT(D815,4) -> 4906 | K815: =IFERROR(VLOOKUP(VALUE(J815),'Site Info'!$A:$G,3,FALSE),"") -> 1670 W UNIVERSITY DR | L815: =IFERROR(VLOOKUP(VALUE(J815),'Site Info'!$A:$G,4,FALSE),"") -> MCKINNEY | M815: =IFERROR(VLOOKUP(VALUE(J815),'Site Info'!$A:$G,5,FALSE),"") -> TX | N815: =IFERROR(VLOOKUP(VALUE(J815),'Site Info'!$A:$G,6,FALSE),"") -> 75069-3444 | O815: =IFERROR(VLOOKUP(VALUE(J815),'Site Info'!$A:$G,7,FALSE),"") -> 4699522417
A816: GENSUS31016E | B816: 7.151.108.37 | C816: C4651631016E | D816: S04906 | E816: 46152.674 | F816: 1547 | G816: 8CG9295Y6H | H816: HP_t430 | I816: S04906.US-2016 | J816: =RIGHT(D816,4) -> 4906 | K816: =IFERROR(VLOOKUP(VALUE(J816),'Site Info'!$A:$G,3,FALSE),"") -> 1670 W UNIVERSITY DR | L816: =IFERROR(VLOOKUP(VALUE(J816),'Site Info'!$A:$G,4,FALSE),"") -> MCKINNEY | M816: =IFERROR(VLOOKUP(VALUE(J816),'Site Info'!$A:$G,5,FALSE),"") -> TX | N816: =IFERROR(VLOOKUP(VALUE(J816),'Site Info'!$A:$G,6,FALSE),"") -> 75069-3444 | O816: =IFERROR(VLOOKUP(VALUE(J816),'Site Info'!$A:$G,7,FALSE),"") -> 4699522417
... A958: CS1 | B958: 55.23.232.158 | C958: 40B034362B06 | D958: S04836 | E958: 46153.357 | F958: 1628 | G958: 9CG71712W2 | H958: HP_t420 | I958: S04836.US-2016 | J958: =RIGHT(D958,4) -> 4836 | K958: =IFERROR(VLOOKUP(VALUE(J958),'Site Info'!$A:$G,3,FALSE),"") -> 1900 OXFORD EXCHANGE BLVD | L958: =IFERROR(VLOOKUP(VALUE(J958),'Site Info'!$A:$G,4,FALSE),"") -> OXFORD | M958: =IFERROR(VLOOKUP(VALUE(J958),'Site Info'!$A:$G,5,FALSE),"") -> AL | N958: =IFERROR(VLOOKUP(VALUE(J958),'Site Info'!$A:$G,6,FALSE),"") -> 36203-3487 | O958: =IFERROR(VLOOKUP(VALUE(J958),'Site Info'!$A:$G,7,FALSE),"") -> 2563420125
A959: GENSUS16832E | B959: 7.52.164.153 | C959: 040E3C16832E | D959: S08173 | E959: 46150.315 | F959: 1547 | G959: 8CG942F324 | H959: HP_t430 | J959: =RIGHT(D959,4) -> 8173 | K959: =IFERROR(VLOOKUP(VALUE(J959),'Site Info'!$A:$G,3,FALSE),"") -> 1900 S UNIVERSITY DR | L959: =IFERROR(VLOOKUP(VALUE(J959),'Site Info'!$A:$G,4,FALSE),"") -> MIRAMAR | M959: =IFERROR(VLOOKUP(VALUE(J959),'Site Info'!$A:$G,5,FALSE),"") -> FL | N959: =IFERROR(VLOOKUP(VALUE(J959),'Site Info'!$A:$G,6,FALSE),"") -> 33025-2230 | O959: =IFERROR(VLOOKUP(VALUE(J959),'Site Info'!$A:$G,7,FALSE),"") -> 9544338867
A960: GENSUS16841D | B960: 7.52.164.49 | C960: 040E3C16841D | D960: S08173 | E960: 46151.738 | F960: 1547 | G960: 8CG942F30Z | H960: HP_t430 | I960: S08173.US-2016 | J960: =RIGHT(D960,4) -> 8173 | K960: =IFERROR(VLOOKUP(VALUE(J960),'Site Info'!$A:$G,3,FALSE),"") -> 1900 S UNIVERSITY DR | L960: =IFERROR(VLOOKUP(VALUE(J960),'Site Info'!$A:$G,4,FALSE),"") -> MIRAMAR | M960: =IFERROR(VLOOKUP(VALUE(J960),'Site Info'!$A:$G,5,FALSE),"") -> FL | N960: =IFERROR(VLOOKUP(VALUE(J960),'Site Info'!$A:$G,6,FALSE),"") -> 33025-2230 | O960: =IFERROR(VLOOKUP(VALUE(J960),'Site Info'!$A:$G,7,FALSE),"") -> 9544338867
A961: GENSUS168194 | B961: 7.52.164.212 | C961: 040E3C168194 | D961: S08173 | E961: 46152.462 | F961: 1547 | G961: 8CG942F320 | H961: HP_t430 | I961: S08173.US-2016 | J961: =RIGHT(D961,4) -> 8173 | K961: =IFERROR(VLOOKUP(VALUE(J961),'Site Info'!$A:$G,3,FALSE),"") -> 1900 S UNIVERSITY DR | L961: =IFERROR(VLOOKUP(VALUE(J961),'Site Info'!$A:$G,4,FALSE),"") -> MIRAMAR | M961: =IFERROR(VLOOKUP(VALUE(J961),'Site Info'!$A:$G,5,FALSE),"") -> FL | N961: =IFERROR(VLOOKUP(VALUE(J961),'Site Info'!$A:$G,6,FALSE),"") -> 33025-2230 | O961: =IFERROR(VLOOKUP(VALUE(J961),'Site Info'!$A:$G,7,FALSE),"") -> 9544338867
A962: GENSUS168187 | B962: 7.52.164.155 | C962: 040E3C168187 | D962: S08173 | E962: 46152.586 | F962: 1547 | G962: 8CG942F33L | H962: HP_t430 | I962: S08173.US-2016 | J962: =RIGHT(D962,4) -> 8173 | K962: =IFERROR(VLOOKUP(VALUE(J962),'Site Info'!$A:$G,3,FALSE),"") -> 1900 S UNIVERSITY DR | L962: =IFERROR(VLOOKUP(VALUE(J962),'Site Info'!$A:$G,4,FALSE),"") -> MIRAMAR | M962: =IFERROR(VLOOKUP(VALUE(J962),'Site Info'!$A:$G,5,FALSE),"") -> FL | N962: =IFERROR(VLOOKUP(VALUE(J962),'Site Info'!$A:$G,6,FALSE),"") -> 33025-2230 | O962: =IFERROR(VLOOKUP(VALUE(J962),'Site Info'!$A:$G,7,FALSE),"") -> 9544338867
A963: GENSUS1682CA | B963: 55.52.167.183 | C963: 040E3C1682CA | D963: S08173 | E963: 46152.77 | F963: 1547 | G963: 8CG942F32N | H963: HP_t430 | I963: S08173.US-2016 | J963: =RIGHT(D963,4) -> 8173 | K963: =IFERROR(VLOOKUP(VALUE(J963),'Site Info'!$A:$G,3,FALSE),"") -> 1900 S UNIVERSITY DR | L963: =IFERROR(VLOOKUP(VALUE(J963),'Site Info'!$A:$G,4,FALSE),"") -> MIRAMAR | M963: =IFERROR(VLOOKUP(VALUE(J963),'Site Info'!$A:$G,5,FALSE),"") -> FL | N963: =IFERROR(VLOOKUP(VALUE(J963),'Site Info'!$A:$G,6,FALSE),"") -> 33025-2230 | O963: =IFERROR(VLOOKUP(VALUE(J963),'Site Info'!$A:$G,7,FALSE),"") -> 9544338867
A964: GENSUS168284 | B964: 7.52.164.167 | C964: 040E3C168284 | D964: S08173 | E964: 46153.312 | F964: 1547 | G964: 8CG942F331 | H964: HP_t430 | I964: S08173.US-2016 | J964: =RIGHT(D964,4) -> 8173 | K964: =IFERROR(VLOOKUP(VALUE(J964),'Site Info'!$A:$G,3,FALSE),"") -> 1900 S UNIVERSITY DR | L964: =IFERROR(VLOOKUP(VALUE(J964),'Site Info'!$A:$G,4,FALSE),"") -> MIRAMAR | M964: =IFERROR(VLOOKUP(VALUE(J964),'Site Info'!$A:$G,5,FALSE),"") -> FL | N964: =IFERROR(VLOOKUP(VALUE(J964),'Site Info'!$A:$G,6,FALSE),"") -> 33025-2230 | O964: =IFERROR(VLOOKUP(VALUE(J964),'Site Info'!$A:$G,7,FALSE),"") -> 9544338867
A965: GENSUS1683DD | B965: 7.52.164.138 | C965: 040E3C1683DD | D965: S08173 | E965: 46153.333 | F965: 1547 | G965: 8CG942F33Z | H965: HP_t430 | I965: S08173.US-2016 | J965: =RIGHT(D965,4) -> 8173 | K965: =IFERROR(VLOOKUP(VALUE(J965),'Site Info'!$A:$G,3,FALSE),"") -> 1900 S UNIVERSITY DR | L965: =IFERROR(VLOOKUP(VALUE(J965),'Site Info'!$A:$G,4,FALSE),"") -> MIRAMAR | M965: =IFERROR(VLOOKUP(VALUE(J965),'Site Info'!$A:$G,5,FALSE),"") -> FL | N965: =IFERROR(VLOOKUP(VALUE(J965),'Site Info'!$A:$G,6,FALSE),"") -> 33025-2230 | O965: =IFERROR(VLOOKUP(VALUE(J965),'Site Info'!$A:$G,7,FALSE),"") -> 9544338867
A966: GENSUS0815F6 | B966: 7.52.164.182 | C966: 842AFD0815F6 | D966: S08173 | E966: 46153.302 | F966: 1481 | G966: 8CG11300LS | H966: HP_t430 | I966: S08173.US-2016 | J966: =RIGHT(D966,4) -> 8173 | K966: =IFERROR(VLOOKUP(VALUE(J966),'Site Info'!$A:$G,3,FALSE),"") -> 1900 S UNIVERSITY DR | L966: =IFERROR(VLOOKUP(VALUE(J966),'Site Info'!$A:$G,4,FALSE),"") -> MIRAMAR | M966: =IFERROR(VLOOKUP(VALUE(J966),'Site Info'!$A:$G,5,FALSE),"") -> FL | N966: =IFERROR(VLOOKUP(VALUE(J966),'Site Info'!$A:$G,6,FALSE),"") -> 33025-2230 | O966: =IFERROR(VLOOKUP(VALUE(J966),'Site Info'!$A:$G,7,FALSE),"") -> 9544338867
A967: IGELST392499 | B967: 7.124.68.146 | C967: 040E3C392499 | D967: S08117 | E967: 46153.285 | F967: 1547 | G967: 8CG0451TM4 | H967: HP_t430 | I967: S08117.US-2016 | J967: =RIGHT(D967,4) -> 8117 | K967: =IFERROR(VLOOKUP(VALUE(J967),'Site Info'!$A:$G,3,FALSE),"") -> 1900 W MEMORIAL RD | L967: =IFERROR(VLOOKUP(VALUE(J967),'Site Info'!$A:$G,4,FALSE),"") -> OKLAHOMA CITY | M967: =IFERROR(VLOOKUP(VALUE(J967),'Site Info'!$A:$G,5,FALSE),"") -> OK | N967: =IFERROR(VLOOKUP(VALUE(J967),'Site Info'!$A:$G,6,FALSE),"") -> 73134-6504 | O967: =IFERROR(VLOOKUP(VALUE(J967),'Site Info'!$A:$G,7,FALSE),"") -> 4057487109
A968: GENSUS30F6F4 | B968: 7.124.68.114 | C968: C4651630F6F4 | D968: S08117 | E968: 46153.327 | F968: 1547 | G968: 8CG929526P | H968: HP_t430 | I968: S08117.US-2016 | J968: =RIGHT(D968,4) -> 8117 | K968: =IFERROR(VLOOKUP(VALUE(J968),'Site Info'!$A:$G,3,FALSE),"") -> 1900 W MEMORIAL RD | L968: =IFERROR(VLOOKUP(VALUE(J968),'Site Info'!$A:$G,4,FALSE),"") -> OKLAHOMA CITY | M968: =IFERROR(VLOOKUP(VALUE(J968),'Site Info'!$A:$G,5,FALSE),"") -> OK | N968: =IFERROR(VLOOKUP(VALUE(J968),'Site Info'!$A:$G,6,FALSE),"") -> 73134-6504 | O968: =IFERROR(VLOOKUP(VALUE(J968),'Site Info'!$A:$G,7,FALSE),"") -> 4057487109
A969: GENSUS081720 | B969: 7.124.68.166 | C969: 842AFD081720 | D969: S08117 | E969: 46151.382 | F969: 1481 | G969: 8CG112CZBW | H969: HP_t430 | I969: S08117.US-2016 | J969: =RIGHT(D969,4) -> 8117 | K969: =IFERROR(VLOOKUP(VALUE(J969),'Site Info'!$A:$G,3,FALSE),"") -> 1900 W MEMORIAL RD | L969: =IFERROR(VLOOKUP(VALUE(J969),'Site Info'!$A:$G,4,FALSE),"") -> OKLAHOMA CITY | M969: =IFERROR(VLOOKUP(VALUE(J969),'Site Info'!$A:$G,5,FALSE),"") -> OK | N969: =IFERROR(VLOOKUP(VALUE(J969),'Site Info'!$A:$G,6,FALSE),"") -> 73134-6504 | O969: =IFERROR(VLOOKUP(VALUE(J969),'Site Info'!$A:$G,7,FALSE),"") -> 4057487109
A970: GENSUS08168A | B970: 7.124.68.31 | C970: 842AFD08168A | D970: S08117 | E970: 46153.33 | F970: 1481 | G970: 8CG112CZ5Y | H970: HP_t430 | I970: S08117.US-2016 | J970: =RIGHT(D970,4) -> 8117 | K970: =IFERROR(VLOOKUP(VALUE(J970),'Site Info'!$A:$G,3,FALSE),"") -> 1900 W MEMORIAL RD | L970: =IFERROR(VLOOKUP(VALUE(J970),'Site Info'!$A:$G,4,FALSE),"") -> OKLAHOMA CITY | M970: =IFERROR(VLOOKUP(VALUE(J970),'Site Info'!$A:$G,5,FALSE),"") -> OK | N970: =IFERROR(VLOOKUP(VALUE(J970),'Site Info'!$A:$G,6,FALSE),"") -> 73134-6504 | O970: =IFERROR(VLOOKUP(VALUE(J970),'Site Info'!$A:$G,7,FALSE),"") -> 4057487109
A971: TCVC01 | B971: 10.223.184.26 | C971: 8CEC4B577456 | D971: S08117 | E971: 46151.421 | F971: 1863 | G971: 1S5GXN2 | H971: DELL_WYSE_3040_THIN_CLIENT | I971: S08117.US-2016 | J971: =RIGHT(D971,4) -> 8117 | K971: =IFERROR(VLOOKUP(VALUE(J971),'Site Info'!$A:$G,3,FALSE),"") -> 1900 W MEMORIAL RD | L971: =IFERROR(VLOOKUP(VALUE(J971),'Site Info'!$A:$G,4,FALSE),"") -> OKLAHOMA CITY | M971: =IFERROR(VLOOKUP(VALUE(J971),'Site Info'!$A:$G,5,FALSE),"") -> OK | N971: =IFERROR(VLOOKUP(VALUE(J971),'Site Info'!$A:$G,6,FALSE),"") -> 73134-6504 | O971: =IFERROR(VLOOKUP(VALUE(J971),'Site Info'!$A:$G,7,FALSE),"") -> 4057487109
... A2379: GENSUS3101C8 | B2379: 7.20.204.185 | C2379: C465163101C8 | D2379: S06462 | E2379: 46151.587 | F2379: 1547 | G2379: 8CG9295YLJ | H2379: HP_t430 | I2379: S06462.US-2016 | J2379: =RIGHT(D2379,4) -> 6462 | K2379: =IFERROR(VLOOKUP(VALUE(J2379),'Site Info'!$A:$G,3,FALSE),"") -> 45 MARKETPLACE DR | L2379: =IFERROR(VLOOKUP(VALUE(J2379),'Site Info'!$A:$G,4,FALSE),"") -> AUGUSTA | M2379: =IFERROR(VLOOKUP(VALUE(J2379),'Site Info'!$A:$G,5,FALSE),"") -> ME | N2379: =IFERROR(VLOOKUP(VALUE(J2379),'Site Info'!$A:$G,6,FALSE),"") -> 04330-8037 | O2379: =IFERROR(VLOOKUP(VALUE(J2379),'Site Info'!$A:$G,7,FALSE),"") -> 2076232757
A2380: GENSUS080DAE | B2380: 7.20.204.71 | C2380: 842AFD080DAE | D2380: S06462 | E2380: 46152.435 | F2380: 1481 | G2380: 8CG1079XLN | H2380: HP_t430 | J2380: =RIGHT(D2380,4) -> 6462 | K2380: =IFERROR(VLOOKUP(VALUE(J2380),'Site Info'!$A:$G,3,FALSE),"") -> 45 MARKETPLACE DR | L2380: =IFERROR(VLOOKUP(VALUE(J2380),'Site Info'!$A:$G,4,FALSE),"") -> AUGUSTA | M2380: =IFERROR(VLOOKUP(VALUE(J2380),'Site Info'!$A:$G,5,FALSE),"") -> ME | N2380: =IFERROR(VLOOKUP(VALUE(J2380),'Site Info'!$A:$G,6,FALSE),"") -> 04330-8037 | O2380: =IFERROR(VLOOKUP(VALUE(J2380),'Site Info'!$A:$G,7,FALSE),"") -> 2076232757
A2381: CS1 | B2381: 7.20.204.64 | C2381: 40B034363186 | D2381: S06462 | E2381: 46153.37 | F2381: 1628 | G2381: 9CG7181SCY | H2381: HP_t420 | I2381: S06462.US-2016 | J2381: =RIGHT(D2381,4) -> 6462 | K2381: =IFERROR(VLOOKUP(VALUE(J2381),'Site Info'!$A:$G,3,FALSE),"") -> 45 MARKETPLACE DR | L2381: =IFERROR(VLOOKUP(VALUE(J2381),'Site Info'!$A:$G,4,FALSE),"") -> AUGUSTA | M2381: =IFERROR(VLOOKUP(VALUE(J2381),'Site Info'!$A:$G,5,FALSE),"") -> ME | N2381: =IFERROR(VLOOKUP(VALUE(J2381),'Site Info'!$A:$G,6,FALSE),"") -> 04330-8037 | O2381: =IFERROR(VLOOKUP(VALUE(J2381),'Site Info'!$A:$G,7,FALSE),"") -> 2076232757
A2382: GENSUS2BE9FF | B2382: 55.117.55.159 | C2382: 040E3C2BE9FF | D2382: S06204 | E2382: 46153.308 | F2382: 1547 | G2382: 8CG0172GM2 | H2382: HP_t430 | I2382: S06204.US-2016 | J2382: =RIGHT(D2382,4) -> 6204 | K2382: =IFERROR(VLOOKUP(VALUE(J2382),'Site Info'!$A:$G,3,FALSE),"") -> 450 NORMAN DR | L2382: =IFERROR(VLOOKUP(VALUE(J2382),'Site Info'!$A:$G,4,FALSE),"") -> VALDOSTA | M2382: =IFERROR(VLOOKUP(VALUE(J2382),'Site Info'!$A:$G,5,FALSE),"") -> GA | N2382: =IFERROR(VLOOKUP(VALUE(J2382),'Site Info'!$A:$G,6,FALSE),"") -> 31601-7708 | O2382: =IFERROR(VLOOKUP(VALUE(J2382),'Site Info'!$A:$G,7,FALSE),"") -> 2292443939
A2383: GENSUS2B6088 | B2383: 7.117.52.34 | C2383: 040E3C2B6088 | D2383: S06204 | E2383: 46153.351 | F2383: 1547 | G2383: 8CG0172GKG | H2383: HP_t430 | I2383: S06204.US-2016 | J2383: =RIGHT(D2383,4) -> 6204 | K2383: =IFERROR(VLOOKUP(VALUE(J2383),'Site Info'!$A:$G,3,FALSE),"") -> 450 NORMAN DR | L2383: =IFERROR(VLOOKUP(VALUE(J2383),'Site Info'!$A:$G,4,FALSE),"") -> VALDOSTA | M2383: =IFERROR(VLOOKUP(VALUE(J2383),'Site Info'!$A:$G,5,FALSE),"") -> GA | N2383: =IFERROR(VLOOKUP(VALUE(J2383),'Site Info'!$A:$G,6,FALSE),"") -> 31601-7708 | O2383: =IFERROR(VLOOKUP(VALUE(J2383),'Site Info'!$A:$G,7,FALSE),"") -> 2292443939
A2384: GENSUS2B60AA | B2384: 7.117.52.158 | C2384: 040E3C2B60AA | D2384: S06204 | E2384: 46153.352 | F2384: 1547 | G2384: 8CG0172GGR | H2384: HP_t430 | I2384: S06204.US-2016 | J2384: =RIGHT(D2384,4) -> 6204 | K2384: =IFERROR(VLOOKUP(VALUE(J2384),'Site Info'!$A:$G,3,FALSE),"") -> 450 NORMAN DR | L2384: =IFERROR(VLOOKUP(VALUE(J2384),'Site Info'!$A:$G,4,FALSE),"") -> VALDOSTA | M2384: =IFERROR(VLOOKUP(VALUE(J2384),'Site Info'!$A:$G,5,FALSE),"") -> GA | N2384: =IFERROR(VLOOKUP(VALUE(J2384),'Site Info'!$A:$G,6,FALSE),"") -> 31601-7708 | O2384: =IFERROR(VLOOKUP(VALUE(J2384),'Site Info'!$A:$G,7,FALSE),"") -> 2292443939
A2385: GENSUS080E0D | B2385: 7.117.52.173 | C2385: 842AFD080E0D | D2385: S06204 | E2385: 46153.286 | F2385: 1481 | G2385: 8CG1079XK6 | H2385: HP_t430 | I2385: S06204.US-2016 | J2385: =RIGHT(D2385,4) -> 6204 | K2385: =IFERROR(VLOOKUP(VALUE(J2385),'Site Info'!$A:$G,3,FALSE),"") -> 450 NORMAN DR | L2385: =IFERROR(VLOOKUP(VALUE(J2385),'Site Info'!$A:$G,4,FALSE),"") -> VALDOSTA | M2385: =IFERROR(VLOOKUP(VALUE(J2385),'Site Info'!$A:$G,5,FALSE),"") -> GA | N2385: =IFERROR(VLOOKUP(VALUE(J2385),'Site Info'!$A:$G,6,FALSE),"") -> 31601-7708 | O2385: =IFERROR(VLOOKUP(VALUE(J2385),'Site Info'!$A:$G,7,FALSE),"") -> 2292443939
A2386: GENSUS08108E | B2386: 7.117.52.18 | C2386: 842AFD08108E | D2386: S06204 | E2386: 46153.368 | F2386: 1481 | G2386: 8CG10802S8 | H2386: HP_t430 | I2386: S06204.US-2016 | J2386: =RIGHT(D2386,4) -> 6204 | K2386: =IFERROR(VLOOKUP(VALUE(J2386),'Site Info'!$A:$G,3,FALSE),"") -> 450 NORMAN DR | L2386: =IFERROR(VLOOKUP(VALUE(J2386),'Site Info'!$A:$G,4,FALSE),"") -> VALDOSTA | M2386: =IFERROR(VLOOKUP(VALUE(J2386),'Site Info'!$A:$G,5,FALSE),"") -> GA | N2386: =IFERROR(VLOOKUP(VALUE(J2386),'Site Info'!$A:$G,6,FALSE),"") -> 31601-7708 | O2386: =IFERROR(VLOOKUP(VALUE(J2386),'Site Info'!$A:$G,7,FALSE),"") -> 2292443939
A2387: GENSUS080087 | B2387: 7.117.52.99 | C2387: 842AFD080087 | D2387: S06204 | E2387: 46153.37 | F2387: 1481 | G2387: 8CG1079SSQ | H2387: HP_t430 | I2387: S06204.US-2016 | J2387: =RIGHT(D2387,4) -> 6204 | K2387: =IFERROR(VLOOKUP(VALUE(J2387),'Site Info'!$A:$G,3,FALSE),"") -> 450 NORMAN DR | L2387: =IFERROR(VLOOKUP(VALUE(J2387),'Site Info'!$A:$G,4,FALSE),"") -> VALDOSTA | M2387: =IFERROR(VLOOKUP(VALUE(J2387),'Site Info'!$A:$G,5,FALSE),"") -> GA | N2387: =IFERROR(VLOOKUP(VALUE(J2387),'Site Info'!$A:$G,6,FALSE),"") -> 31601-7708 | O2387: =IFERROR(VLOOKUP(VALUE(J2387),'Site Info'!$A:$G,7,FALSE),"") -> 2292443939
A2388: SUS | B2388: 7.117.52.90 | C2388: 040E3C2BE631 | D2388: S06204 | E2388: 46153.367 | F2388: 1547 | G2388: 8CG0172JW3 | H2388: HP_t430 | I2388: S06204.US-2016 | J2388: =RIGHT(D2388,4) -> 6204 | K2388: =IFERROR(VLOOKUP(VALUE(J2388),'Site Info'!$A:$G,3,FALSE),"") -> 450 NORMAN DR | L2388: =IFERROR(VLOOKUP(VALUE(J2388),'Site Info'!$A:$G,4,FALSE),"") -> VALDOSTA | M2388: =IFERROR(VLOOKUP(VALUE(J2388),'Site Info'!$A:$G,5,FALSE),"") -> GA | N2388: =IFERROR(VLOOKUP(VALUE(J2388),'Site Info'!$A:$G,6,FALSE),"") -> 31601-7708 | O2388: =IFERROR(VLOOKUP(VALUE(J2388),'Site Info'!$A:$G,7,FALSE),"") -> 2292443939
A2389: GENSUS30FDD7 | B2389: 7.156.164.58 | C2389: C4651630FDD7 | D2389: S04991 | E2389: 46152.625 | F2389: 1547 | G2389: 8CG9296HFW | H2389: HP_t430 | I2389: S04991.US-2016 | J2389: =RIGHT(D2389,4) -> 4991 | K2389: =IFERROR(VLOOKUP(VALUE(J2389),'Site Info'!$A:$G,3,FALSE),"") -> 450 TOWNSEND RD | L2389: =IFERROR(VLOOKUP(VALUE(J2389),'Site Info'!$A:$G,4,FALSE),"") -> COCOA | M2389: =IFERROR(VLOOKUP(VALUE(J2389),'Site Info'!$A:$G,5,FALSE),"") -> FL | N2389: =IFERROR(VLOOKUP(VALUE(J2389),'Site Info'!$A:$G,6,FALSE),"") -> 32926-3308 | O2389: =IFERROR(VLOOKUP(VALUE(J2389),'Site Info'!$A:$G,7,FALSE),"") -> 3216390124
A2390: GENSUS30FE58 | B2390: 7.156.164.59 | C2390: C4651630FE58 | D2390: S04991 | E2390: 46153.336 | F2390: 1547 | G2390: 8CG9296HDY | H2390: HP_t430 | I2390: S04991.US-2016 | J2390: =RIGHT(D2390,4) -> 4991 | K2390: =IFERROR(VLOOKUP(VALUE(J2390),'Site Info'!$A:$G,3,FALSE),"") -> 450 TOWNSEND RD | L2390: =IFERROR(VLOOKUP(VALUE(J2390),'Site Info'!$A:$G,4,FALSE),"") -> COCOA | M2390: =IFERROR(VLOOKUP(VALUE(J2390),'Site Info'!$A:$G,5,FALSE),"") -> FL | N2390: =IFERROR(VLOOKUP(VALUE(J2390),'Site Info'!$A:$G,6,FALSE),"") -> 32926-3308 | O2390: =IFERROR(VLOOKUP(VALUE(J2390),'Site Info'!$A:$G,7,FALSE),"") -> 3216390124
A2391: GENSUS167B84 | B2391: 7.156.164.103 | C2391: 040E3C167B84 | D2391: S04991 | E2391: 46153.358 | F2391: 1547 | G2391: 8CG942F43C | H2391: HP_t430 | I2391: S04991.US-2016 | J2391: =RIGHT(D2391,4) -> 4991 | K2391: =IFERROR(VLOOKUP(VALUE(J2391),'Site Info'!$A:$G,3,FALSE),"") -> 450 TOWNSEND RD | L2391: =IFERROR(VLOOKUP(VALUE(J2391),'Site Info'!$A:$G,4,FALSE),"") -> COCOA | M2391: =IFERROR(VLOOKUP(VALUE(J2391),'Site Info'!$A:$G,5,FALSE),"") -> FL | N2391: =IFERROR(VLOOKUP(VALUE(J2391),'Site Info'!$A:$G,6,FALSE),"") -> 32926-3308 | O2391: =IFERROR(VLOOKUP(VALUE(J2391),'Site Info'!$A:$G,7,FALSE),"") -> 3216390124
A2392: IGELST31754C | B2392: 7.156.164.131 | C2392: C4651631754C | D2392: S04991 | E2392: 46153.374 | F2392: 1547 | G2392: 8CG9302XZ2 | H2392: HP_t430 | I2392: S04991.US-2016 | J2392: =RIGHT(D2392,4) -> 4991 | K2392: =IFERROR(VLOOKUP(VALUE(J2392),'Site Info'!$A:$G,3,FALSE),"") -> 450 TOWNSEND RD | L2392: =IFERROR(VLOOKUP(VALUE(J2392),'Site Info'!$A:$G,4,FALSE),"") -> COCOA | M2392: =IFERROR(VLOOKUP(VALUE(J2392),'Site Info'!$A:$G,5,FALSE),"") -> FL | N2392: =IFERROR(VLOOKUP(VALUE(J2392),'Site Info'!$A:$G,6,FALSE),"") -> 32926-3308 | O2392: =IFERROR(VLOOKUP(VALUE(J2392),'Site Info'!$A:$G,7,FALSE),"") -> 3216390124
... A2737: GENSUS0828D9 | B2737: 7.144.204.37 | C2737: 842AFD0828D9 | D2737: S04846 | E2737: 46153.374 | F2737: 1481 | G2737: 8CG1140MHD | H2737: HP_t430 | I2737: S04846.US-2016 | J2737: =RIGHT(D2737,4) -> 4846 | K2737: =IFERROR(VLOOKUP(VALUE(J2737),'Site Info'!$A:$G,3,FALSE),"") -> 5600 EMERALD CT | L2737: =IFERROR(VLOOKUP(VALUE(J2737),'Site Info'!$A:$G,4,FALSE),"") -> MENTOR | M2737: =IFERROR(VLOOKUP(VALUE(J2737),'Site Info'!$A:$G,5,FALSE),"") -> OH | N2737: =IFERROR(VLOOKUP(VALUE(J2737),'Site Info'!$A:$G,6,FALSE),"") -> 44060-1869 | O2737: =IFERROR(VLOOKUP(VALUE(J2737),'Site Info'!$A:$G,7,FALSE),"") -> 4403527430
A2738: ITC40B03434A9ED | B2738: 55.12.87.174 | C2738: 40B03434A9ED | D2738: S08266 | E2738: 46153.131 | F2738: 1628 | G2738: 9CG74019M6 | H2738: HP_t420 | J2738: =RIGHT(D2738,4) -> 8266 | K2738: =IFERROR(VLOOKUP(VALUE(J2738),'Site Info'!$A:$G,3,FALSE),"") -> 5600 LANDERS RD | L2738: =IFERROR(VLOOKUP(VALUE(J2738),'Site Info'!$A:$G,4,FALSE),"") -> NORTH LITTLE ROCK | M2738: =IFERROR(VLOOKUP(VALUE(J2738),'Site Info'!$A:$G,5,FALSE),"") -> AR | N2738: =IFERROR(VLOOKUP(VALUE(J2738),'Site Info'!$A:$G,6,FALSE),"") -> 72117-1903 | O2738: =IFERROR(VLOOKUP(VALUE(J2738),'Site Info'!$A:$G,7,FALSE),"") -> 5019452167
A2739: GENSUS32D846 | B2739: 7.12.84.113 | C2739: C4651632D846 | D2739: S08266 | E2739: 46152.328 | F2739: 1547 | G2739: 8CG9308KK1 | H2739: HP_t430 | I2739: S08266.US-2016 | J2739: =RIGHT(D2739,4) -> 8266 | K2739: =IFERROR(VLOOKUP(VALUE(J2739),'Site Info'!$A:$G,3,FALSE),"") -> 5600 LANDERS RD | L2739: =IFERROR(VLOOKUP(VALUE(J2739),'Site Info'!$A:$G,4,FALSE),"") -> NORTH LITTLE ROCK | M2739: =IFERROR(VLOOKUP(VALUE(J2739),'Site Info'!$A:$G,5,FALSE),"") -> AR | N2739: =IFERROR(VLOOKUP(VALUE(J2739),'Site Info'!$A:$G,6,FALSE),"") -> 72117-1903 | O2739: =IFERROR(VLOOKUP(VALUE(J2739),'Site Info'!$A:$G,7,FALSE),"") -> 5019452167
A2740: GENSUS32D2EF | B2740: 7.12.84.29 | C2740: C4651632D2EF | D2740: S08266 | E2740: 46153.339 | F2740: 1547 | G2740: 8CG9308HJ4 | H2740: HP_t430 | I2740: S08266.US-2016 | J2740: =RIGHT(D2740,4) -> 8266 | K2740: =IFERROR(VLOOKUP(VALUE(J2740),'Site Info'!$A:$G,3,FALSE),"") -> 5600 LANDERS RD | L2740: =IFERROR(VLOOKUP(VALUE(J2740),'Site Info'!$A:$G,4,FALSE),"") -> NORTH LITTLE ROCK | M2740: =IFERROR(VLOOKUP(VALUE(J2740),'Site Info'!$A:$G,5,FALSE),"") -> AR | N2740: =IFERROR(VLOOKUP(VALUE(J2740),'Site Info'!$A:$G,6,FALSE),"") -> 72117-1903 | O2740: =IFERROR(VLOOKUP(VALUE(J2740),'Site Info'!$A:$G,7,FALSE),"") -> 5019452167
A2741: GENSUS30B77C | B2741: 7.12.84.115 | C2741: C4651630B77C | D2741: S08266 | E2741: 46153.362 | F2741: 1547 | G2741: 8CG9303WZ4 | H2741: HP_t430 | I2741: S08266.US-2016 | J2741: =RIGHT(D2741,4) -> 8266 | K2741: =IFERROR(VLOOKUP(VALUE(J2741),'Site Info'!$A:$G,3,FALSE),"") -> 5600 LANDERS RD | L2741: =IFERROR(VLOOKUP(VALUE(J2741),'Site Info'!$A:$G,4,FALSE),"") -> NORTH LITTLE ROCK | M2741: =IFERROR(VLOOKUP(VALUE(J2741),'Site Info'!$A:$G,5,FALSE),"") -> AR | N2741: =IFERROR(VLOOKUP(VALUE(J2741),'Site Info'!$A:$G,6,FALSE),"") -> 72117-1903 | O2741: =IFERROR(VLOOKUP(VALUE(J2741),'Site Info'!$A:$G,7,FALSE),"") -> 5019452167
A2742: GENSUS32D160 | B2742: 7.74.36.15 | C2742: C4651632D160 | D2742: S06652 | E2742: 46152.549 | F2742: 1547 | G2742: 8CG9308HKN | H2742: HP_t430 | I2742: S06652.US-2016 | J2742: =RIGHT(D2742,4) -> 6652 | K2742: =IFERROR(VLOOKUP(VALUE(J2742),'Site Info'!$A:$G,3,FALSE),"") -> 5604 BUCKEYSTOWN PIKE | L2742: =IFERROR(VLOOKUP(VALUE(J2742),'Site Info'!$A:$G,4,FALSE),"") -> FREDERICK | M2742: =IFERROR(VLOOKUP(VALUE(J2742),'Site Info'!$A:$G,5,FALSE),"") -> MD | N2742: =IFERROR(VLOOKUP(VALUE(J2742),'Site Info'!$A:$G,6,FALSE),"") -> 21704-8312 | O2742: =IFERROR(VLOOKUP(VALUE(J2742),'Site Info'!$A:$G,7,FALSE),"") -> 3016981692
A2743: GENSUS32D3C3 | B2743: 7.74.36.11 | C2743: C4651632D3C3 | D2743: S06652 | E2743: 46153.231 | F2743: 1547 | G2743: 8CG9308HMG | H2743: HP_t430 | I2743: S06652.US-2016 | J2743: =RIGHT(D2743,4) -> 6652 | K2743: =IFERROR(VLOOKUP(VALUE(J2743),'Site Info'!$A:$G,3,FALSE),"") -> 5604 BUCKEYSTOWN PIKE | L2743: =IFERROR(VLOOKUP(VALUE(J2743),'Site Info'!$A:$G,4,FALSE),"") -> FREDERICK | M2743: =IFERROR(VLOOKUP(VALUE(J2743),'Site Info'!$A:$G,5,FALSE),"") -> MD | N2743: =IFERROR(VLOOKUP(VALUE(J2743),'Site Info'!$A:$G,6,FALSE),"") -> 21704-8312 | O2743: =IFERROR(VLOOKUP(VALUE(J2743),'Site Info'!$A:$G,7,FALSE),"") -> 3016981692
A2744: GENSUS32D8AD | B2744: 7.74.36.91 | C2744: C4651632D8AD | D2744: S06652 | E2744: 46153.35 | F2744: 1547 | G2744: 8CG9308HSZ | H2744: HP_t430 | I2744: S06652.US-2016 | J2744: =RIGHT(D2744,4) -> 6652 | K2744: =IFERROR(VLOOKUP(VALUE(J2744),'Site Info'!$A:$G,3,FALSE),"") -> 5604 BUCKEYSTOWN PIKE | L2744: =IFERROR(VLOOKUP(VALUE(J2744),'Site Info'!$A:$G,4,FALSE),"") -> FREDERICK | M2744: =IFERROR(VLOOKUP(VALUE(J2744),'Site Info'!$A:$G,5,FALSE),"") -> MD | N2744: =IFERROR(VLOOKUP(VALUE(J2744),'Site Info'!$A:$G,6,FALSE),"") -> 21704-8312 | O2744: =IFERROR(VLOOKUP(VALUE(J2744),'Site Info'!$A:$G,7,FALSE),"") -> 3016981692
A2745: IGELST081B01 | B2745: 7.74.36.58 | C2745: 842AFD081B01 | D2745: S06652 | E2745: 46151.701 | F2745: 1481 | G2745: 8CG1132DD4 | H2745: HP_t430 | I2745: S06652.US-2016 | J2745: =RIGHT(D2745,4) -> 6652 | K2745: =IFERROR(VLOOKUP(VALUE(J2745),'Site Info'!$A:$G,3,FALSE),"") -> 5604 BUCKEYSTOWN PIKE | L2745: =IFERROR(VLOOKUP(VALUE(J2745),'Site Info'!$A:$G,4,FALSE),"") -> FREDERICK | M2745: =IFERROR(VLOOKUP(VALUE(J2745),'Site Info'!$A:$G,5,FALSE),"") -> MD | N2745: =IFERROR(VLOOKUP(VALUE(J2745),'Site Info'!$A:$G,6,FALSE),"") -> 21704-8312 | O2745: =IFERROR(VLOOKUP(VALUE(J2745),'Site Info'!$A:$G,7,FALSE),"") -> 3016981692
A2746: GENSUS083925 | B2746: 7.74.36.31 | C2746: 842AFD083925 | D2746: S06652 | E2746: 46152.495 | F2746: 1481 | G2746: 8CG12274JW | H2746: HP_t430 | I2746: S06652.US-2016 | J2746: =RIGHT(D2746,4) -> 6652 | K2746: =IFERROR(VLOOKUP(VALUE(J2746),'Site Info'!$A:$G,3,FALSE),"") -> 5604 BUCKEYSTOWN PIKE | L2746: =IFERROR(VLOOKUP(VALUE(J2746),'Site Info'!$A:$G,4,FALSE),"") -> FREDERICK | M2746: =IFERROR(VLOOKUP(VALUE(J2746),'Site Info'!$A:$G,5,FALSE),"") -> MD | N2746: =IFERROR(VLOOKUP(VALUE(J2746),'Site Info'!$A:$G,6,FALSE),"") -> 21704-8312 | O2746: =IFERROR(VLOOKUP(VALUE(J2746),'Site Info'!$A:$G,7,FALSE),"") -> 3016981692
A2747: GENSUS083566 | B2747: 7.74.36.39 | C2747: 842AFD083566 | D2747: S06652 | E2747: 46153.289 | F2747: 1481 | G2747: 8CG12272X3 | H2747: HP_t430 | I2747: S06652.US-2016 | J2747: =RIGHT(D2747,4) -> 6652 | K2747: =IFERROR(VLOOKUP(VALUE(J2747),'Site Info'!$A:$G,3,FALSE),"") -> 5604 BUCKEYSTOWN PIKE | L2747: =IFERROR(VLOOKUP(VALUE(J2747),'Site Info'!$A:$G,4,FALSE),"") -> FREDERICK | M2747: =IFERROR(VLOOKUP(VALUE(J2747),'Site Info'!$A:$G,5,FALSE),"") -> MD | N2747: =IFERROR(VLOOKUP(VALUE(J2747),'Site Info'!$A:$G,6,FALSE),"") -> 21704-8312 | O2747: =IFERROR(VLOOKUP(VALUE(J2747),'Site Info'!$A:$G,7,FALSE),"") -> 3016981692
A2748: GENSUS167F89 | B2748: 7.50.52.24 | C2748: 040E3C167F89 | D2748: S04819 | E2748: 46150.783 | F2748: 1547 | G2748: 8CG942F4Z7 | H2748: HP_t430 | I2748: S04819.US-2016 | J2748: =RIGHT(D2748,4) -> 4819 | K2748: =IFERROR(VLOOKUP(VALUE(J2748),'Site Info'!$A:$G,3,FALSE),"") -> 5625 GOSFORD RD | L2748: =IFERROR(VLOOKUP(VALUE(J2748),'Site Info'!$A:$G,4,FALSE),"") -> BAKERSFIELD | M2748: =IFERROR(VLOOKUP(VALUE(J2748),'Site Info'!$A:$G,5,FALSE),"") -> CA | N2748: =IFERROR(VLOOKUP(VALUE(J2748),'Site Info'!$A:$G,6,FALSE),"") -> 93313-4999 | O2748: =IFERROR(VLOOKUP(VALUE(J2748),'Site Info'!$A:$G,7,FALSE),"") -> 6616548565
A2749: GENSUS167F5D | B2749: 7.50.52.129 | C2749: 040E3C167F5D | D2749: S04819 | E2749: 46153.064 | F2749: 1547 | G2749: 8CG942F4XY | H2749: HP_t430 | I2749: S04819.US-2016 | J2749: =RIGHT(D2749,4) -> 4819 | K2749: =IFERROR(VLOOKUP(VALUE(J2749),'Site Info'!$A:$G,3,FALSE),"") -> 5625 GOSFORD RD | L2749: =IFERROR(VLOOKUP(VALUE(J2749),'Site Info'!$A:$G,4,FALSE),"") -> BAKERSFIELD | M2749: =IFERROR(VLOOKUP(VALUE(J2749),'Site Info'!$A:$G,5,FALSE),"") -> CA | N2749: =IFERROR(VLOOKUP(VALUE(J2749),'Site Info'!$A:$G,6,FALSE),"") -> 93313-4999 | O2749: =IFERROR(VLOOKUP(VALUE(J2749),'Site Info'!$A:$G,7,FALSE),"") -> 6616548565
A2750: GENSUS167D19 | B2750: 7.50.52.198 | C2750: 040E3C167D19 | D2750: S04819 | E2750: 46153.266 | F2750: 1547 | G2750: 8CG942F51C | H2750: HP_t430 | I2750: S04819.US-2016 | J2750: =RIGHT(D2750,4) -> 4819 | K2750: =IFERROR(VLOOKUP(VALUE(J2750),'Site Info'!$A:$G,3,FALSE),"") -> 5625 GOSFORD RD | L2750: =IFERROR(VLOOKUP(VALUE(J2750),'Site Info'!$A:$G,4,FALSE),"") -> BAKERSFIELD | M2750: =IFERROR(VLOOKUP(VALUE(J2750),'Site Info'!$A:$G,5,FALSE),"") -> CA | N2750: =IFERROR(VLOOKUP(VALUE(J2750),'Site Info'!$A:$G,6,FALSE),"") -> 93313-4999 | O2750: =IFERROR(VLOOKUP(VALUE(J2750),'Site Info'!$A:$G,7,FALSE),"") -> 6616548565
... A2881: GENSUS32DA1A | B2881: 7.36.28.161 | C2881: C4651632DA1A | D2881: S08112 | E2881: 46152.426 | F2881: 1547 | G2881: 8CG9308KFD | H2881: HP_t430 | I2881: S08112.US-2016 | J2881: =RIGHT(D2881,4) -> 8112 | K2881: =IFERROR(VLOOKUP(VALUE(J2881),'Site Info'!$A:$G,3,FALSE),"") -> 6101 LEE HWY | L2881: =IFERROR(VLOOKUP(VALUE(J2881),'Site Info'!$A:$G,4,FALSE),"") -> CHATTANOOGA | M2881: =IFERROR(VLOOKUP(VALUE(J2881),'Site Info'!$A:$G,5,FALSE),"") -> TN | N2881: =IFERROR(VLOOKUP(VALUE(J2881),'Site Info'!$A:$G,6,FALSE),"") -> 37421-2932 | O2881: =IFERROR(VLOOKUP(VALUE(J2881),'Site Info'!$A:$G,7,FALSE),"") -> 4239541746
A2882: ITCF439093B872A | B2882: 7.36.28.155 | C2882: F439093B872A | D2882: S08112 | E2882: 46153.309 | F2882: 1547 | G2882: 8CG8517S9C | H2882: HP_t430 | J2882: =RIGHT(D2882,4) -> 8112 | K2882: =IFERROR(VLOOKUP(VALUE(J2882),'Site Info'!$A:$G,3,FALSE),"") -> 6101 LEE HWY | L2882: =IFERROR(VLOOKUP(VALUE(J2882),'Site Info'!$A:$G,4,FALSE),"") -> CHATTANOOGA | M2882: =IFERROR(VLOOKUP(VALUE(J2882),'Site Info'!$A:$G,5,FALSE),"") -> TN | N2882: =IFERROR(VLOOKUP(VALUE(J2882),'Site Info'!$A:$G,6,FALSE),"") -> 37421-2932 | O2882: =IFERROR(VLOOKUP(VALUE(J2882),'Site Info'!$A:$G,7,FALSE),"") -> 4239541746
A2883: GENSUS30BE2B | B2883: 55.36.31.192 | C2883: C4651630BE2B | D2883: S08112 | E2883: 46153.332 | F2883: 1547 | G2883: 8CG9294K54 | H2883: HP_t430 | I2883: S08112.US-2016 | J2883: =RIGHT(D2883,4) -> 8112 | K2883: =IFERROR(VLOOKUP(VALUE(J2883),'Site Info'!$A:$G,3,FALSE),"") -> 6101 LEE HWY | L2883: =IFERROR(VLOOKUP(VALUE(J2883),'Site Info'!$A:$G,4,FALSE),"") -> CHATTANOOGA | M2883: =IFERROR(VLOOKUP(VALUE(J2883),'Site Info'!$A:$G,5,FALSE),"") -> TN | N2883: =IFERROR(VLOOKUP(VALUE(J2883),'Site Info'!$A:$G,6,FALSE),"") -> 37421-2932 | O2883: =IFERROR(VLOOKUP(VALUE(J2883),'Site Info'!$A:$G,7,FALSE),"") -> 4239541746
A2884: GENSUS2BE5E9 | B2884: 7.78.36.127 | C2884: 040E3C2BE5E9 | D2884: S06547 | E2884: 46149.571 | F2884: 1547 | G2884: 8CG0172FHT | H2884: HP_t430 | I2884: S06547.US-2016 | J2884: =RIGHT(D2884,4) -> 6547 | K2884: =IFERROR(VLOOKUP(VALUE(J2884),'Site Info'!$A:$G,3,FALSE),"") -> 611 LYCOMING MALL CIR | L2884: =IFERROR(VLOOKUP(VALUE(J2884),'Site Info'!$A:$G,4,FALSE),"") -> MUNCY | M2884: =IFERROR(VLOOKUP(VALUE(J2884),'Site Info'!$A:$G,5,FALSE),"") -> PA | N2884: =IFERROR(VLOOKUP(VALUE(J2884),'Site Info'!$A:$G,6,FALSE),"") -> 17756-1826 | O2884: =IFERROR(VLOOKUP(VALUE(J2884),'Site Info'!$A:$G,7,FALSE),"") -> 5705466699
A2885: GENSUS2BE66A | B2885: 7.78.36.99 | C2885: 040E3C2BE66A | D2885: S06547 | E2885: 46153.179 | F2885: 1547 | G2885: 8CG0172JRP | H2885: HP_t430 | I2885: S06547.US-2016 | J2885: =RIGHT(D2885,4) -> 6547 | K2885: =IFERROR(VLOOKUP(VALUE(J2885),'Site Info'!$A:$G,3,FALSE),"") -> 611 LYCOMING MALL CIR | L2885: =IFERROR(VLOOKUP(VALUE(J2885),'Site Info'!$A:$G,4,FALSE),"") -> MUNCY | M2885: =IFERROR(VLOOKUP(VALUE(J2885),'Site Info'!$A:$G,5,FALSE),"") -> PA | N2885: =IFERROR(VLOOKUP(VALUE(J2885),'Site Info'!$A:$G,6,FALSE),"") -> 17756-1826 | O2885: =IFERROR(VLOOKUP(VALUE(J2885),'Site Info'!$A:$G,7,FALSE),"") -> 5705466699
A2886: GENSUS2BE954 | B2886: 7.78.36.94 | C2886: 040E3C2BE954 | D2886: S06547 | E2886: 46153.276 | F2886: 1547 | G2886: 8CG0172GLH | H2886: HP_t430 | I2886: S06547.US-2016 | J2886: =RIGHT(D2886,4) -> 6547 | K2886: =IFERROR(VLOOKUP(VALUE(J2886),'Site Info'!$A:$G,3,FALSE),"") -> 611 LYCOMING MALL CIR | L2886: =IFERROR(VLOOKUP(VALUE(J2886),'Site Info'!$A:$G,4,FALSE),"") -> MUNCY | M2886: =IFERROR(VLOOKUP(VALUE(J2886),'Site Info'!$A:$G,5,FALSE),"") -> PA | N2886: =IFERROR(VLOOKUP(VALUE(J2886),'Site Info'!$A:$G,6,FALSE),"") -> 17756-1826 | O2886: =IFERROR(VLOOKUP(VALUE(J2886),'Site Info'!$A:$G,7,FALSE),"") -> 5705466699
A2887: GENSUS2BE686 | B2887: 7.78.36.135 | C2887: 040E3C2BE686 | D2887: S06547 | E2887: 46153.368 | F2887: 1547 | G2887: 8CG0172JQ2 | H2887: HP_t430 | I2887: S06547.US-2016 | J2887: =RIGHT(D2887,4) -> 6547 | K2887: =IFERROR(VLOOKUP(VALUE(J2887),'Site Info'!$A:$G,3,FALSE),"") -> 611 LYCOMING MALL CIR | L2887: =IFERROR(VLOOKUP(VALUE(J2887),'Site Info'!$A:$G,4,FALSE),"") -> MUNCY | M2887: =IFERROR(VLOOKUP(VALUE(J2887),'Site Info'!$A:$G,5,FALSE),"") -> PA | N2887: =IFERROR(VLOOKUP(VALUE(J2887),'Site Info'!$A:$G,6,FALSE),"") -> 17756-1826 | O2887: =IFERROR(VLOOKUP(VALUE(J2887),'Site Info'!$A:$G,7,FALSE),"") -> 5705466699
A2888: TCTLE02 | B2888: 161.171.181.32 | C2888: 8CEC4B63561C | D2888: S06547 | E2888: 46151.413 | F2888: 1863 | G2888: 7SCNYN2 | H2888: DELL_WYSE_3040_THIN_CLIENT | I2888: S06547.US-2016 | J2888: =RIGHT(D2888,4) -> 6547 | K2888: =IFERROR(VLOOKUP(VALUE(J2888),'Site Info'!$A:$G,3,FALSE),"") -> 611 LYCOMING MALL CIR | L2888: =IFERROR(VLOOKUP(VALUE(J2888),'Site Info'!$A:$G,4,FALSE),"") -> MUNCY | M2888: =IFERROR(VLOOKUP(VALUE(J2888),'Site Info'!$A:$G,5,FALSE),"") -> PA | N2888: =IFERROR(VLOOKUP(VALUE(J2888),'Site Info'!$A:$G,6,FALSE),"") -> 17756-1826 | O2888: =IFERROR(VLOOKUP(VALUE(J2888),'Site Info'!$A:$G,7,FALSE),"") -> 5705466699
A2889: TCBAK01 | B2889: 161.171.181.34 | C2889: 40B034363157 | D2889: S06547 | E2889: 46152.243 | F2889: 1628 | G2889: 9CG7181SB1 | H2889: HP_t420 | I2889: S06547.US-2016 | J2889: =RIGHT(D2889,4) -> 6547 | K2889: =IFERROR(VLOOKUP(VALUE(J2889),'Site Info'!$A:$G,3,FALSE),"") -> 611 LYCOMING MALL CIR | L2889: =IFERROR(VLOOKUP(VALUE(J2889),'Site Info'!$A:$G,4,FALSE),"") -> MUNCY | M2889: =IFERROR(VLOOKUP(VALUE(J2889),'Site Info'!$A:$G,5,FALSE),"") -> PA | N2889: =IFERROR(VLOOKUP(VALUE(J2889),'Site Info'!$A:$G,6,FALSE),"") -> 17756-1826 | O2889: =IFERROR(VLOOKUP(VALUE(J2889),'Site Info'!$A:$G,7,FALSE),"") -> 5705466699
A2890: GENWUS2BE639 | B2890: 7.78.36.97 | C2890: 040E3C2BE639 | D2890: S06547 | E2890: 46153.367 | F2890: 1547 | G2890: 8CG0172JS8 | H2890: HP_t430 | I2890: S06547.US-2016 | J2890: =RIGHT(D2890,4) -> 6547 | K2890: =IFERROR(VLOOKUP(VALUE(J2890),'Site Info'!$A:$G,3,FALSE),"") -> 611 LYCOMING MALL CIR | L2890: =IFERROR(VLOOKUP(VALUE(J2890),'Site Info'!$A:$G,4,FALSE),"") -> MUNCY | M2890: =IFERROR(VLOOKUP(VALUE(J2890),'Site Info'!$A:$G,5,FALSE),"") -> PA | N2890: =IFERROR(VLOOKUP(VALUE(J2890),'Site Info'!$A:$G,6,FALSE),"") -> 17756-1826 | O2890: =IFERROR(VLOOKUP(VALUE(J2890),'Site Info'!$A:$G,7,FALSE),"") -> 5705466699
A2891: GENSUS2BE63D | B2891: 7.162.36.153 | C2891: 040E3C2BE63D | D2891: S04962 | E2891: 46152.467 | F2891: 1547 | G2891: 8CG0172FL3 | H2891: HP_t430 | I2891: S04962.US-2016 | J2891: =RIGHT(D2891,4) -> 4962 | K2891: =IFERROR(VLOOKUP(VALUE(J2891),'Site Info'!$A:$G,3,FALSE),"") -> 614 CROSSINGS RD | L2891: =IFERROR(VLOOKUP(VALUE(J2891),'Site Info'!$A:$G,4,FALSE),"") -> SANDUSKY | M2891: =IFERROR(VLOOKUP(VALUE(J2891),'Site Info'!$A:$G,5,FALSE),"") -> OH | N2891: =IFERROR(VLOOKUP(VALUE(J2891),'Site Info'!$A:$G,6,FALSE),"") -> 44870-8909 | O2891: =IFERROR(VLOOKUP(VALUE(J2891),'Site Info'!$A:$G,7,FALSE),"") -> 4196266563
A2892: GENSUS2BE6C9 | B2892: 7.162.36.75 | C2892: 040E3C2BE6C9 | D2892: S04962 | E2892: 46153.276 | F2892: 1547 | G2892: 8CG0172JT0 | H2892: HP_t430 | I2892: S04962.US-2016 | J2892: =RIGHT(D2892,4) -> 4962 | K2892: =IFERROR(VLOOKUP(VALUE(J2892),'Site Info'!$A:$G,3,FALSE),"") -> 614 CROSSINGS RD | L2892: =IFERROR(VLOOKUP(VALUE(J2892),'Site Info'!$A:$G,4,FALSE),"") -> SANDUSKY | M2892: =IFERROR(VLOOKUP(VALUE(J2892),'Site Info'!$A:$G,5,FALSE),"") -> OH | N2892: =IFERROR(VLOOKUP(VALUE(J2892),'Site Info'!$A:$G,6,FALSE),"") -> 44870-8909 | O2892: =IFERROR(VLOOKUP(VALUE(J2892),'Site Info'!$A:$G,7,FALSE),"") -> 4196266563
A2893: GENSUS2BE9FB | B2893: 7.162.36.158 | C2893: 040E3C2BE9FB | D2893: S04962 | E2893: 46153.371 | F2893: 1547 | G2893: 8CG0172GNN | H2893: HP_t430 | I2893: S04962.US-2016 | J2893: =RIGHT(D2893,4) -> 4962 | K2893: =IFERROR(VLOOKUP(VALUE(J2893),'Site Info'!$A:$G,3,FALSE),"") -> 614 CROSSINGS RD | L2893: =IFERROR(VLOOKUP(VALUE(J2893),'Site Info'!$A:$G,4,FALSE),"") -> SANDUSKY | M2893: =IFERROR(VLOOKUP(VALUE(J2893),'Site Info'!$A:$G,5,FALSE),"") -> OH | N2893: =IFERROR(VLOOKUP(VALUE(J2893),'Site Info'!$A:$G,6,FALSE),"") -> 44870-8909 | O2893: =IFERROR(VLOOKUP(VALUE(J2893),'Site Info'!$A:$G,7,FALSE),"") -> 4196266563
A2894: GENSUS2BE4AF | B2894: 7.162.36.151 | C2894: 040E3C2BE4AF | D2894: S04962 | E2894: 46153.373 | F2894: 1547 | G2894: 8CG0172FPJ | H2894: HP_t430 | I2894: S04962.US-2016 | J2894: =RIGHT(D2894,4) -> 4962 | K2894: =IFERROR(VLOOKUP(VALUE(J2894),'Site Info'!$A:$G,3,FALSE),"") -> 614 CROSSINGS RD | L2894: =IFERROR(VLOOKUP(VALUE(J2894),'Site Info'!$A:$G,4,FALSE),"") -> SANDUSKY | M2894: =IFERROR(VLOOKUP(VALUE(J2894),'Site Info'!$A:$G,5,FALSE),"") -> OH | N2894: =IFERROR(VLOOKUP(VALUE(J2894),'Site Info'!$A:$G,6,FALSE),"") -> 44870-8909 | O2894: =IFERROR(VLOOKUP(VALUE(J2894),'Site Info'!$A:$G,7,FALSE),"") -> 4196266563
... A3618: ITC842AFD0816AB | B3618: 7.56.196.223 | C3618: 842AFD0816AB | D3618: S06312 | E3618: 46151.304 | F3618: 1481 | G3618: 8CG112CZ86 | H3618: HP_t430 | I3618: S06312.US-2016 | J3618: =RIGHT(D3618,4) -> 6312 | K3618: =IFERROR(VLOOKUP(VALUE(J3618),'Site Info'!$A:$G,3,FALSE),"") -> 9925 HUDSON RD | L3618: =IFERROR(VLOOKUP(VALUE(J3618),'Site Info'!$A:$G,4,FALSE),"") -> WOODBURY | M3618: =IFERROR(VLOOKUP(VALUE(J3618),'Site Info'!$A:$G,5,FALSE),"") -> MN | N3618: =IFERROR(VLOOKUP(VALUE(J3618),'Site Info'!$A:$G,6,FALSE),"") -> 55125-0000 | O3618: =IFERROR(VLOOKUP(VALUE(J3618),'Site Info'!$A:$G,7,FALSE),"") -> 6517027970

Sheet Site Info
A1: Location Number | B1: Banner Desc | C1: Physical Address Line 1 | D1: Physical City | E1: Physical State | F1: Physical Zip Code | G1: Primary Phone
A2: 4041 | B2: Sam's Club | C2: 1900 EAST LINDEN AVENUE | D2: LINDEN | E2: NJ | F2: 07036-1133 | G2: 9085879820
A3: 4109 | B3: Sam's Club | C3: 2861 BEENE BLVD | D3: BOSSIER CITY | E3: LA | F3: 71111-0000 | G3: 3186066004
A4: 4702 | B4: Sam's Club | C4: 155 W EL DORADO BLVD | D4: FRIENDSWOOD | E4: TX | F4: 77546-6502 | G4: 2812864471
A5: 4703 | B5: Sam's Club | C5: 10600 COORS BLVD BYPASS NW | D5: ALBUQUERQUE | E5: NM | F5: 87114-3930 | G5: 5059220046
A6: 4704 | B6: Sam's Club | C6: 7663 N BLACKSTONE AVE | D6: FRESNO | E6: CA | F6: 93720-4306 | G6: 5594460106
A7: 4707 | B7: Sam's Club | C7: 8300 W 135TH ST | D7: OVERLAND PARK | E7: KS | F7: 66223-1143 | G7: 9134021405
A8: 4709 | B8: Sam's Club | C8: 1375 E ONTARIO AVE | D8: CORONA | E8: CA | F8: 92881-6604 | G8: 9515820319
A9: 4710 | B9: Sam's Club | C9: 2444 CHESAPEAKE SQUARE RING RD | D9: CHESAPEAKE | E9: VA | F9: 23321-2173 | G9: 7574650082
A10: 4711 | B10: Sam's Club | C10: 3345 VIRGINIA BEACH BLVD | D10: VIRGINIA BEACH | E10: VA | F10: 23452-5616 | G10: 7576319791
A11: 4712 | B11: Sam's Club | C11: 10488 KATY FWY | D11: HOUSTON | E11: TX | F11: 77043-5106 | G11: 7134685146
A12: 4713 | B12: Sam's Club | C12: 19091 INTERSTATE 45 S | D12: SHENANDOAH | E12: TX | F12: 77385-8748 | G12: 9362711732
A13: 4718 | B13: Sam's Club | C13: 11278 S JORDAN GTWY | D13: SOUTH JORDAN | E13: UT | F13: 84095-4111 | G13: 8015459801
... A614: 8355 | B614: Sam's Club | C614: 501 S COLLEGE ST | D614: CHARLOTTE | E614: NC | F614: 28202-1827 | G614: 4792734000
